31520,1439,1486,5B,5B
31540,1428,1471,5B,5B
31540,1428,1563,5B,5B
31540,1428,1592,5B,5B
31560,1430,1482,5B,5B
31580,1430,1435,5B,5B
31580,1430,1489,5B,5B
31600,1427,1465,5B,5B
31600,1431,1465,5B,5B
31600,1465,1585,5B,5B
31620,1426,1471,5B,5B
31620,1427,1429,5B,5B
31660,1426,1471,5B,5B
31680,1426,1471,5B,5B
31700,1426,1471,5B,5B
31720,1426,1471,5B,5B
31740,1426,1471,5B,5B
31760,1426,1471,5B,5B
31780,1426,1471,5B,5B
31800,1426,1471,5B,5B
31820,1426,1471,5B,5B
31840,1426,1471,5B,5B
31860,1426,1471,5B,5B
31880,1426,1471,5B,5B
31900,1426,1471,5B,5B
31920,1426,1471,5B,5B
31940,1426,1471,5B,5B
31940,1439,1480,5B,5B
31960,1426,1471,5B,5B
31980,1426,1471,5B,5B
32000,1426,1471,5B,5B
32020,1426,1471,5B,5B
32040,1426,1471,5B,5B
32040,1486,1489,5B,5B
32060,1426,1486,5B,5B
32060,1429,1431,5B,5B
32060,1435,1475,5B,5B
32060,1439,1489,5B,5B
32060,1486,1578,5B,5B
32080,1426,1471,5B,5B
32080,1427,1486,5B,5B
32080,1430,1434,5B,5B
32080,1430,1471,5B,5B
32080,1431,1435,5B,5B
32080,1431,1465,5B,5B
32080,1434,1435,5B,5B
32080,1434,1475,5B,5B
32080,1435,1475,5B,5B
32080,1471,1592,5B,5B
32080,1489,1563,5B,5B
32100,1426,1441,5B,5B
32100,1430,1471,5B,5B
32100,1431,1465,5B,5B
32100,1489,1563,5B,5B
32120,1426,1486,5B,5B
32120,1426,1592,5B,5B
32120,1431,1465,5B,5B
32140,1439,1471,5B,5B
32140,1486,1578,5B,5B
32160,1426,1437,5B,5B
32180,1426,1585,5B,5B
32180,1439,1471,5B,5B
32180,1441,1443,5B,5B
32180,1441,1486,5B,5B
32200,1426,1585,5B,5B
32200,1428,1486,5B,5B
32200,1437,1585,5B,5B
32200,1439,1471,5B,5B
32220,1437,1585,5B,5B
32220,1439,1471,5B,5B
32240,1441,1486,5B,5B
32260,1428,1563,5B,5B
32260,1441,1486,5B,5B
32280,1441,1486,5B,5B
32300,1439,1471,5B,5B
32300,1441,1486,5B,5B
32320,1441,1486,5B,5B
32320,1489,1563,5B,5B
32340,1437,1585,5B,5B
32340,1489,1563,5B,5B
32360,1426,1443,5B,5B
32360,1437,1585,5B,5B
32360,1489,1563,5B,5B
32360,1489,1592,5B,5B
32380,1439,1471,5B,5B
32400,1426,1443,5B,5B
32400,1428,1592,5B,5B
32420,1426,1443,5B,5B
32440,1426,1443,5B,5B
32460,1426,1443,5B,5B
32520,1437,1585,5B,5B
32540,1441,1486,5B,5B
32540,1489,1563,5B,5B
32560,1439,1471,5B,5B
32560,1441,1486,5B,5B
32620,1437,1585,5B,5B
32620,1439,1471,5B,5B
32620,1441,1486,5B,5B
32640,1426,1443,5B,5B
32680,1426,1443,5B,5B
32700,1426,1443,5B,5B
32700,1489,1592,5B,5B
32720,1489,1563,5B,5B
32740,1489,1592,5B,5B
32760,1489,1592,5B,5B
32780,1489,1592,5B,5B
32800,1441,1486,5B,5B
32820,1426,1443,5B,5B
32820,1489,1592,5B,5B
32860,1431,1465,5B,5B
32860,1489,1592,5B,5B
32880,1489,1592,5B,5B
32920,1441,1486,5B,5B
32940,1489,1592,5B,5B
32980,1441,1486,5B,5B
32980,1489,1592,5B,5B
33000,1441,1486,5B,5B
33000,1489,1592,5B,5B
33020,1489,1592,5B,5B
33080,1431,1465,5B,5B
33080,1563,1592,5B,5B
33120,1489,1563,5B,5B
33120,1489,1592,5B,5B
33140,1437,1585,5B,5B
33140,1489,1563,5B,5B
33160,1437,1585,5B,5B
33160,1441,1486,5B,5B
33180,1426,1443,5B,5B
33180,1437,1585,5B,5B
33180,1489,1592,5B,5B
33200,1489,1592,5B,5B
33220,1489,1592,5B,5B
33240,1437,1585,5B,5B
33300,1441,1486,5B,5B
33320,1441,1486,5B,5B
33340,1426,1486,5B,5B
33340,1441,1486,5B,5B
33360,1441,1486,5B,5B
33380,1441,1486,5B,5B
33380,1489,1592,5B,5B
33400,1489,1592,5B,5B
33420,1441,1486,5B,5B
33560,1489,1592,5B,5B
33580,1489,1592,5B,5B
33600,1489,1563,5B,5B
33620,1428,1489,5B,5B
33620,1489,1592,5B,5B
33640,1437,1585,5B,5B
33680,1428,1563,5B,5B
33680,1437,1585,5B,5B
33700,1489,1563,5B,5B
33720,1426,1443,5B,5B
33720,1441,1486,5B,5B
33780,1489,1563,5B,5B
33800,1441,1486,5B,5B
33820,1489,1592,5B,5B
33900,1437,1585,5B,5B
33900,1441,1486,5B,5B
33900,1489,1563,5B,5B
33900,1489,1592,5B,5B
33920,1426,1443,5B,5B
33920,1437,1585,5B,5B
33960,1437,1585,5B,5B
34060,1437,1585,5B,5B
34080,1437,1585,5B,5B
34100,1489,1563,5B,5B
34120,1428,1489,5B,5B
34140,1428,1489,5B,5B
34140,1489,1563,5B,5B
34160,1489,1563,5B,5B
34180,1428,1592,5B,5B
34240,1437,1585,5B,5B
34240,1441,1486,5B,5B
34260,1489,1563,5B,5B
34280,1489,1563,5B,5B
34380,1489,1563,5B,5B
34400,1489,1563,5B,5B
34420,1439,1480,5B,5B
34420,1489,1563,5B,5B
34440,1489,1563,5B,5B
34460,1489,1563,5B,5B
34480,1489,1563,5B,5B
34500,1489,1563,5B,5B
34520,1489,1563,5B,5B
34560,1437,1585,5B,5B
34660,1439,1480,5B,5B
34680,1489,1563,5B,5B
34720,1489,1563,5B,5B
34740,1489,1563,5B,5B
34780,1489,1563,5B,5B
34800,1489,1563,5B,5B
34840,1427,1429,5B,5B
34840,1489,1563,5B,5B
34860,1427,1429,5B,5B
34880,1430,1437,5B,5B
34880,1489,1563,5B,5B
34900,1427,1429,5B,5B
34900,1430,1437,5B,5B
34920,1427,1429,5B,5B
34960,1489,1563,5B,5B
34980,1427,1429,5B,5B
34980,1428,1489,5B,5B
34980,1489,1563,5B,5B
35000,1431,1465,5B,5B
35000,1434,1475,5B,5B
35000,1489,1563,5B,5B
35020,1441,1486,5B,5B
35020,1471,1578,5B,5B
35020,1489,1563,5B,5B
35040,1434,1475,5B,5B
35040,1434,1480,5B,5B
35040,1441,1486,5B,5B
35040,1489,1563,5B,5B
35040,1489,1592,5B,5B
35060,1434,1475,5B,5B
35060,1439,1480,5B,5B
35060,1441,1486,5B,5B
35060,1471,1578,5B,5B
35060,1489,1563,5B,5B
35080,1439,1480,5B,5B
35080,1480,1578,5B,5B
35100,1439,1475,5B,5B
35100,1439,1480,5B,5B
35100,1441,1486,5B,5B
35100,1471,1578,5B,5B
35100,1475,1480,5B,5B
35120,1426,1480,5B,5B
35120,1426,1486,5B,5B
35120,1427,1429,5B,5B
35120,1434,1475,5B,5B
35120,1434,1480,5B,5B
35120,1434,1486,5B,5B
35120,1475,1480,5B,5B
35140,1426,1471,5B,5B
35140,1427,1429,5B,5B
35140,1434,1439,5B,5B
35140,1434,1475,5B,5B
35140,1434,1480,5B,5B
35140,1439,1475,5B,5B
35140,1439,1480,5B,5B
35140,1439,1486,5B,5B
35140,1441,1443,5B,5B
35140,1441,1578,5B,5B
35140,1443,1471,5B,5B
35140,1475,1480,5B,5B
35160,1426,1471,5B,5B
35160,1427,1429,5B,5B
35160,1434,1439,5B,5B
35160,1434,1443,5B,5B
35160,1434,1475,5B,5B
35160,1434,1480,5B,5B
35160,1439,1480,5B,5B
35160,1443,1475,5B,5B
35160,1475,1480,5B,5B
35160,1486,1578,5B,5B
35160,1489,1592,5B,5B
35180,1426,1443,5B,5B
35180,1427,1429,5B,5B
35180,1434,1439,5B,5B
35180,1434,1475,5B,5B
35180,1434,1480,5B,5B
35180,1439,1475,5B,5B
35180,1439,1480,5B,5B
35180,1475,1480,5B,5B
35200,1426,1441,5B,5B
35200,1426,1471,5B,5B
35200,1426,1486,5B,5B
35200,1426,1578,5B,5B
35200,1427,1429,5B,5B
35200,1434,1439,5B,5B
35200,1434,1443,5B,5B
35200,1439,1475,5B,5B
35200,1439,1480,5B,5B
35200,1441,1486,5B,5B
35200,1441,1578,5B,5B
35200,1443,1471,5B,5B
35200,1443,1486,5B,5B
35200,1471,1486,5B,5B
35200,1489,1563,5B,5B
35220,1434,1475,5B,5B
35220,1434,1480,5B,5B
35220,1441,1578,5B,5B
35220,1443,1475,5B,5B
35220,1443,1480,5B,5B
35220,1471,1578,5B,5B
35220,1475,1480,5B,5B
35220,1489,1563,5B,5B
35240,1426,1434,5B,5B
35240,1426,1443,5B,5B
35240,1426,1480,5B,5B
35240,1427,1429,5B,5B
35240,1428,1563,5B,5B
35240,1434,1475,5B,5B
35240,1434,1480,5B,5B
35240,1441,1471,5B,5B
35240,1441,1578,5B,5B
35240,1443,1471,5B,5B
35240,1443,1475,5B,5B
35240,1471,1486,5B,5B
35240,1471,1578,5B,5B
35240,1475,1480,5B,5B
35240,1486,1578,5B,5B
35240,1489,1563,5B,5B
35260,1426,1439,5B,5B
35260,1427,1429,5B,5B
35260,1434,1475,5B,5B
35260,1434,1480,5B,5B
35260,1439,1443,5B,5B
35260,1439,1480,5B,5B
35260,1441,1443,5B,5B
35260,1441,1471,5B,5B
35260,1443,1471,5B,5B
35260,1443,1475,5B,5B
35260,1486,1578,5B,5B
35260,1489,1563,5B,5B
35280,1426,1434,5B,5B
35280,1427,1429,5B,5B
35280,1430,1585,5B,5B
35280,1434,1443,5B,5B
35280,1434,1475,5B,5B
35280,1439,1486,5B,5B
35280,1441,1486,5B,5B
35280,1441,1578,5B,5B
35280,1471,1480,5B,5B
35280,1480,1486,5B,5B
35280,1486,1578,5B,5B
35280,1489,1563,5B,5B
35300,1426,1439,5B,5B
35300,1426,1443,5B,5B
35300,1426,1471,5B,5B
35300,1427,1429,5B,5B
35300,1439,1443,5B,5B
35300,1441,1486,5B,5B
35300,1441,1578,5B,5B
35300,1471,1486,5B,5B
35300,1486,1578,5B,5B
35300,1489,1563,5B,5B
35320,1429,1489,5B,5B
35320,1429,1563,5B,5B
35320,1434,1475,5B,5B
35320,1439,1480,5B,5B
35320,1439,1578,5B,5B
35320,1441,1480,5B,5B
35320,1441,1578,5B,5B
35320,1489,1563,5B,5B
35340,1429,1489,5B,5B
35340,1429,1563,5B,5B
35340,1434,1475,5B,5B
35340,1439,1443,5B,5B
35340,1441,1578,5B,5B
35340,1489,1563,5B,5B
35360,1437,1489,5B,5B
35360,1439,1471,5B,5B
35360,1443,1471,5B,5B
35360,1443,1486,5B,5B
35360,1443,1578,5B,5B
35360,1471,1578,5B,5B
35360,1486,1578,5B,5B
35380,1426,1471,5B,5B
35380,1426,1578,5B,5B
35380,1437,1489,5B,5B
35380,1437,1563,5B,5B
35380,1439,1471,5B,5B
35380,1439,1480,5B,5B
35380,1439,1578,5B,5B
35380,1443,1578,5B,5B
35380,1471,1480,5B,5B
35380,1480,1578,5B,5B
35380,1489,1563,5B,5B
35400,1426,1471,5B,5B
35400,1427,1429,5B,5B
35400,1437,1489,5B,5B
35400,1437,1563,5B,5B
35400,1439,1471,5B,5B
35400,1439,1480,5B,5B
35400,1471,1480,5B,5B
35400,1489,1563,5B,5B
35420,1427,1429,5B,5B
35420,1437,1489,5B,5B
35420,1437,1563,5B,5B
35420,1439,1480,5B,5B
35420,1441,1486,5B,5B
35420,1489,1563,5B,5B
35440,1427,1429,5B,5B
35440,1428,1585,5B,5B
35440,1434,1475,5B,5B
35440,1435,1592,5B,5B
35440,1437,1489,5B,5B
35440,1437,1563,5B,5B
35440,1443,1475,5B,5B
35440,1489,1563,5B,5B
35460,1434,1475,5B,5B
35460,1437,1489,5B,5B
35460,1437,1563,5B,5B
35460,1489,1563,5B,5B
35480,1427,1429,5B,5B
35480,1435,1592,5B,5B
35480,1437,1489,5B,5B
35480,1437,1563,5B,5B
35480,1441,1475,5B,5B
35480,1471,1486,5B,5B
35480,1489,1563,5B,5B
35500,1435,1475,5B,5B
35500,1437,1563,5B,5B
35500,1443,1489,5B,5B
35520,1430,1585,5B,5B
35520,1431,1465,5B,5B
35520,1435,1471,5B,5B
35520,1435,1578,5B,5B
35520,1441,1578,5B,5B
35540,1427,1429,5B,5B
35540,1427,1434,5B,5B
35540,1427,1441,5B,5B
35540,1434,1578,5B,5B
35540,1435,1475,5B,5B
35540,1437,1489,5B,5B
35540,1437,1563,5B,5B
35540,1471,1475,5B,5B
35540,1486,1578,5B,5B
35540,1489,1563,5B,5B
35560,1427,1429,5B,5B
35560,1430,1431,5B,5B
35560,1431,1465,5B,5B
35560,1434,1475,5B,5B
35560,1437,1489,5B,5B
35560,1437,1563,5B,5B
35560,1439,1486,5B,5B
35560,1489,1563,5B,5B
35580,1437,1563,5B,5B
35580,1439,1486,5B,5B
35580,1465,1480,5B,5B
35580,1471,1475,5B,5B
35580,1471,1592,5B,5B
35580,1475,1578,5B,5B
35580,1486,1578,5B,5B
35600,1427,1486,5B,5B
35600,1427,1578,5B,5B
35600,1429,1465,5B,5B
35600,1437,1563,5B,5B
35600,1578,1592,5B,5B
35620,1427,1431,5B,5B
35620,1427,1465,5B,5B
35620,1427,1475,5B,5B
35620,1427,1578,5B,5B
35620,1429,1471,5B,5B
35620,1429,1475,5B,5B
35620,1429,1578,5B,5B
35620,1431,1465,5B,5B
35620,1437,1482,5B,5B
35620,1437,1563,5B,5B
35620,1482,1563,5B,5B
35640,1426,1430,5B,5B
35640,1427,1465,5B,5B
35640,1427,1471,5B,5B
35640,1428,1585,5B,5B
35640,1429,1578,5B,5B
35640,1437,1482,5B,5B
35640,1437,1563,5B,5B
35640,1465,1475,5B,5B
35640,1475,1578,5B,5B
35640,1482,1563,5B,5B
35660,1427,1431,5B,5B
35660,1429,1434,5B,5B
35660,1437,1489,5B,5B
35660,1437,1563,5B,5B
35660,1439,1465,5B,5B
35660,1471,1592,5B,5B
35660,1489,1563,5B,5B
35680,1427,1431,5B,5B
35680,1427,1475,5B,5B
35680,1428,1563,5B,5B
35680,1429,1465,5B,5B
35680,1437,1489,5B,5B
35680,1437,1563,5B,5B
35700,1429,1431,5B,5B
35700,1431,1465,5B,5B
35700,1435,1471,5B,5B
35700,1437,1489,5B,5B
35700,1437,1563,5B,5B
35700,1439,1486,5B,5B
35700,1489,1563,5B,5B
35700,1489,1585,5B,5B
35720,1427,1465,5B,5B
35720,1427,1475,5B,5B
35720,1429,1489,5B,5B
35720,1431,1465,5B,5B
35720,1431,1592,5B,5B
35720,1437,1489,5B,5B
35720,1437,1563,5B,5B
35720,1482,1592,5B,5B
35740,1427,1592,5B,5B
35740,1429,1489,5B,5B
35740,1439,1486,5B,5B
35760,1426,1430,5B,5B
35760,1431,1471,5B,5B
35760,1437,1489,5B,5B
35760,1437,1578,5B,5B
35760,1439,1475,5B,5B
35780,1427,1431,5B,5B
35780,1429,1489,5B,5B
35780,1431,1465,5B,5B
35780,1435,1578,5B,5B
35780,1437,1563,5B,5B
35800,1429,1489,5B,5B
35800,1431,1471,5B,5B
35800,1434,1475,5B,5B
35800,1437,1439,5B,5B
35800,1437,1563,5B,5B
35820,1427,1431,5B,5B
35820,1428,1430,5B,5B
35820,1429,1437,5B,5B
35820,1429,1489,5B,5B
35820,1431,1486,5B,5B
35820,1431,1578,5B,5B
35820,1434,1475,5B,5B
35820,1435,1592,5B,5B
35820,1437,1489,5B,5B
35820,1437,1563,5B,5B
35840,1427,1486,5B,5B
35840,1427,1592,5B,5B
35840,1430,1585,5B,5B
35840,1431,1471,5B,5B
35840,1434,1475,5B,5B
35840,1435,1578,5B,5B
35840,1441,1592,5B,5B
35840,1465,1482,5B,5B
35840,1486,1592,5B,5B
35860,1426,1585,5B,5B
35860,1427,1441,5B,5B
35860,1427,1471,5B,5B
35860,1429,1489,5B,5B
35860,1434,1475,5B,5B
35860,1437,1563,5B,5B
35860,1439,1471,5B,5B
35860,1441,1465,5B,5B
35880,1427,1486,5B,5B
35880,1429,1489,5B,5B
35880,1431,1437,5B,5B
35880,1437,1563,5B,5B
35900,1428,1585,5B,5B
35900,1429,1489,5B,5B
35900,1430,1585,5B,5B
35900,1431,1465,5B,5B
35900,1434,1475,5B,5B
35900,1437,1563,5B,5B
35900,1439,1578,5B,5B
35920,1427,1431,5B,5B
35920,1429,1489,5B,5B
35920,1431,1486,5B,5B
35920,1434,1475,5B,5B
35920,1435,1439,5B,5B
35920,1435,1482,5B,5B
35920,1435,1486,5B,5B
35920,1435,1578,5B,5B
35920,1437,1563,5B,5B
35920,1439,1482,5B,5B
35940,1426,1585,5B,5B
35940,1427,1431,5B,5B
35940,1427,1465,5B,5B
35940,1431,1465,5B,5B
35940,1431,1578,5B,5B
35940,1434,1475,5B,5B
35940,1482,1592,5B,5B
35960,1427,1471,5B,5B
35960,1429,1489,5B,5B
35960,1431,1465,5B,5B
35960,1431,1578,5B,5B
35960,1434,1475,5B,5B
35960,1437,1563,5B,5B
35960,1471,1592,5B,5B
35960,1486,1563,5B,5B
35980,1426,1428,5B,5B
35980,1434,1475,5B,5B
35980,1437,1563,5B,5B
35980,1465,1486,5B,5B
35980,1471,1578,5B,5B
35980,1471,1592,5B,5B
35980,1489,1563,5B,5B
36000,1426,1428,5B,5B
36000,1429,1431,5B,5B
36000,1434,1475,5B,5B
36000,1437,1482,5B,5B
36000,1443,1563,5B,5B
36000,1482,1563,5B,5B
36020,1428,1430,5B,5B
36020,1431,1465,5B,5B
36020,1434,1475,5B,5B
36020,1437,1563,5B,5B
36020,1489,1563,5B,5B
36040,1426,1585,5B,5B
36040,1429,1489,5B,5B
36040,1431,1465,5B,5B
36040,1434,1475,5B,5B
36040,1437,1489,5B,5B
36040,1437,1563,5B,5B
36040,1439,1465,5B,5B
36040,1489,1563,5B,5B
36060,1429,1431,5B,5B
36060,1434,1475,5B,5B
36060,1435,1592,5B,5B
36060,1437,1563,5B,5B
36060,1578,1592,5B,5B
36080,1426,1489,5B,5B
36080,1429,1465,5B,5B
36080,1434,1475,5B,5B
36080,1437,1563,5B,5B
36080,1437,1585,5B,5B
36080,1482,1578,5B,5B
36080,1563,1585,5B,5B
36100,1426,1428,5B,5B
36100,1426,1585,5B,5B
36100,1429,1431,5B,5B
36100,1434,1475,5B,5B
36100,1435,1592,5B,5B
36100,1437,1563,5B,5B
36100,1441,1486,5B,5B
36100,1443,1489,5B,5B
36100,1471,1592,5B,5B
36120,1429,1431,5B,5B
36120,1429,1465,5B,5B
36120,1431,1465,5B,5B
36120,1434,1475,5B,5B
36120,1437,1563,5B,5B
36120,1443,1489,5B,5B
36120,1471,1592,5B,5B
36140,1429,1431,5B,5B
36140,1431,1465,5B,5B
36140,1434,1475,5B,5B
36140,1437,1563,5B,5B
36140,1443,1489,5B,5B
36160,1431,1465,5B,5B
36160,1431,1592,5B,5B
36160,1434,1475,5B,5B
36160,1435,1578,5B,5B
36160,1437,1563,5B,5B
36160,1465,1482,5B,5B
36160,1578,1592,5B,5B
36180,1434,1475,5B,5B
36180,1437,1563,5B,5B
36180,1482,1592,5B,5B
36200,1431,1439,5B,5B
36200,1434,1475,5B,5B
36200,1437,1563,5B,5B
36200,1441,1486,5B,5B
36200,1578,1592,5B,5B
36220,1427,1465,5B,5B
36220,1427,1482,5B,5B
36220,1434,1475,5B,5B
36220,1437,1563,5B,5B
36240,1426,1428,5B,5B
36240,1427,1465,5B,5B
36240,1428,1430,5B,5B
36240,1428,1585,5B,5B
36240,1429,1431,5B,5B
36240,1431,1465,5B,5B
36240,1434,1475,5B,5B
36240,1435,1471,5B,5B
36240,1437,1563,5B,5B
36240,1578,1592,5B,5B
36260,1427,1429,5B,5B
36260,1427,1578,5B,5B
36260,1429,1578,5B,5B
36260,1434,1475,5B,5B
36260,1437,1563,5B,5B
36280,1427,1431,5B,5B
36280,1427,1486,5B,5B
36280,1434,1475,5B,5B
36280,1437,1563,5B,5B
36280,1441,1578,5B,5B
36300,1426,1428,5B,5B
36300,1429,1592,5B,5B
36300,1430,1585,5B,5B
36300,1431,1437,5B,5B
36300,1431,1465,5B,5B
36300,1434,1475,5B,5B
36300,1437,1563,5B,5B
36300,1439,1471,5B,5B
36300,1443,1489,5B,5B
36300,1465,1471,5B,5B
36300,1471,1578,5B,5B
36300,1480,1489,5B,5B
36320,1434,1475,5B,5B
36320,1437,1563,5B,5B
36320,1471,1592,5B,5B
36340,1427,1429,5B,5B
36340,1427,1431,5B,5B
36340,1429,1435,5B,5B
36340,1434,1475,5B,5B
36340,1435,1578,5B,5B
36340,1437,1563,5B,5B
36360,1429,1465,5B,5B
36360,1434,1475,5B,5B
36360,1437,1563,5B,5B
36360,1443,1489,5B,5B
36380,1428,1585,5B,5B
36380,1434,1475,5B,5B
36380,1443,1489,5B,5B
36400,1427,1465,5B,5B
36400,1431,1486,5B,5B
36400,1434,1475,5B,5B
36400,1437,1563,5B,5B
36400,1441,1486,5B,5B
36400,1443,1489,5B,5B
36400,1482,1592,5B,5B
36420,1428,1585,5B,5B
36420,1429,1431,5B,5B
36420,1430,1437,5B,5B
36420,1434,1475,5B,5B
36420,1435,1578,5B,5B
36420,1437,1563,5B,5B
36440,1427,1429,5B,5B
36440,1427,1431,5B,5B
36440,1429,1431,5B,5B
36440,1434,1475,5B,5B
36440,1437,1563,5B,5B
36440,1465,1471,5B,5B
36440,1578,1592,5B,5B
36460,1427,1429,5B,5B
36460,1429,1443,5B,5B
36460,1434,1475,5B,5B
36460,1437,1486,5B,5B
36460,1437,1563,5B,5B
36460,1443,1489,5B,5B
36460,1471,1578,5B,5B
36460,1480,1486,5B,5B
36460,1486,1563,5B,5B
36480,1428,1585,5B,5B
36480,1435,1441,5B,5B
36480,1435,1465,5B,5B
36480,1435,1480,5B,5B
36480,1439,1480,5B,5B
36480,1471,1578,5B,5B
36500,1427,1431,5B,5B
36500,1427,1465,5B,5B
36500,1430,1434,5B,5B
36500,1430,1443,5B,5B
36500,1431,1465,5B,5B
36500,1435,1578,5B,5B
36500,1437,1486,5B,5B
36500,1439,1480,5B,5B
36500,1441,1486,5B,5B
36500,1441,1489,5B,5B
36500,1443,1592,5B,5B
36500,1475,1489,5B,5B
36500,1482,1578,5B,5B
36500,1486,1489,5B,5B
36520,1426,1428,5B,5B
36520,1426,1585,5B,5B
36520,1427,1429,5B,5B
36520,1428,1585,5B,5B
36520,1429,1443,5B,5B
36520,1430,1443,5B,5B
36520,1431,1465,5B,5B
36520,1434,1443,5B,5B
36520,1437,1480,5B,5B
36520,1439,1480,5B,5B
36520,1471,1482,5B,5B
36520,1475,1489,5B,5B
36520,1475,1592,5B,5B
36520,1482,1578,5B,5B
36520,1489,1563,5B,5B
36540,1426,1434,5B,5B
36540,1427,1434,5B,5B
36580,1437,1563,5B,5B
36580,1439,1480,5B,5B
36580,1441,1486,5B,5B
36580,1441,1592,5B,5B
36580,1475,1592,5B,5B
36600,1426,1428,5B,5B
36600,1426,1443,5B,5B
36600,1426,1585,5B,5B
36600,1429,1443,5B,5B
36600,1435,1471,5B,5B
36600,1439,1480,5B,5B
36600,1471,1578,5B,5B
36600,1475,1592,5B,5B
36620,1426,1430,5B,5B
36620,1426,1585,5B,5B
36620,1429,1431,5B,5B
36620,1429,1443,5B,5B
36620,1431,1471,5B,5B
36620,1431,1578,5B,5B
36620,1435,1578,5B,5B
36620,1437,1439,5B,5B
36620,1437,1563,5B,5B
36620,1439,1480,5B,5B
36620,1439,1563,5B,5B
36620,1480,1578,5B,5B
36640,1426,1430,5B,5B
36640,1429,1443,5B,5B
36640,1431,1465,5B,5B
36640,1435,1578,5B,5B
36640,1435,1592,5B,5B
36640,1437,1439,5B,5B
36640,1439,1480,5B,5B
36640,1441,1592,5B,5B
36640,1475,1592,5B,5B
36660,1426,1430,5B,5B
36660,1426,1443,5B,5B
36660,1426,1585,5B,5B
36660,1427,1429,5B,5B
36660,1427,1434,5B,5B
36660,1428,1578,5B,5B
36660,1429,1434,5B,5B
36660,1429,1443,5B,5B
36660,1430,1431,5B,5B
36660,1430,1443,5B,5B
36660,1435,1578,5B,5B
36660,1437,1439,5B,5B
36660,1439,1480,5B,5B
36660,1441,1475,5B,5B
36660,1475,1592,5B,5B
36660,1578,1585,5B,5B
36680,1426,1429,5B,5B
36680,1427,1434,5B,5B
36680,1429,1443,5B,5B
36680,1430,1431,5B,5B
36680,1431,1578,5B,5B
36680,1435,1578,5B,5B
36680,1437,1439,5B,5B
36680,1437,1441,5B,5B
36680,1437,1480,5B,5B
36680,1441,1475,5B,5B
36680,1471,1578,5B,5B
36700,1427,1429,5B,5B
36700,1427,1434,5B,5B
36700,1428,1431,5B,5B
36700,1428,1435,5B,5B
36700,1429,1430,5B,5B
36700,1429,1434,5B,5B
36700,1429,1443,5B,5B
36700,1431,1443,5B,5B
36700,1435,1578,5B,5B
36700,1437,1563,5B,5B
36700,1439,1480,5B,5B
36700,1475,1486,5B,5B
36720,1426,1429,5B,5B
36720,1426,1431,5B,5B
36720,1427,1429,5B,5B
36720,1427,1434,5B,5B
36720,1428,1435,5B,5B
36720,1431,1465,5B,5B
36720,1437,1486,5B,5B
36720,1439,1480,5B,5B
36720,1441,1475,5B,5B
36720,1441,1486,5B,5B
36720,1441,1592,5B,5B
36720,1475,1592,5B,5B
36720,1486,1592,5B,5B
36740,1426,1427,5B,5B
36740,1427,1429,5B,5B
36740,1427,1471,5B,5B
36740,1428,1435,5B,5B
36740,1428,1471,5B,5B
36740,1428,1578,5B,5B
36740,1429,1430,5B,5B
36740,1431,1465,5B,5B
36740,1435,1471,5B,5B
36740,1435,1578,5B,5B
36740,1437,1480,5B,5B
36740,1437,1563,5B,5B
36740,1471,1578,5B,5B
36740,1475,1486,5B,5B
36740,1475,1592,5B,5B
36740,1480,1585,5B,5B
36760,1426,1429,5B,5B
36760,1426,1430,5B,5B
36760,1429,1430,5B,5B
36760,1429,1431,5B,5B
36760,1429,1471,5B,5B
36760,1431,1465,5B,5B
36760,1431,1471,5B,5B
36760,1435,1578,5B,5B
36760,1437,1563,5B,5B
36760,1439,1480,5B,5B
36760,1441,1486,5B,5B
36760,1441,1563,5B,5B
36760,1471,1578,5B,5B
36760,1482,1585,5B,5B
36780,1431,1465,5B,5B
36780,1437,1563,5B,5B
36780,1443,1465,5B,5B
36780,1465,1480,5B,5B
36780,1475,1489,5B,5B
36780,1475,1592,5B,5B
36780,1489,1592,5B,5B
36800,1426,1475,5B,5B
36800,1427,1431,5B,5B
36800,1431,1439,5B,5B
36800,1431,1465,5B,5B
36800,1435,1471,5B,5B
36800,1435,1475,5B,5B
36800,1435,1489,5B,5B
36800,1471,1489,5B,5B
36800,1486,1489,5B,5B
36800,1486,1585,5B,5B
36820,1427,1443,5B,5B
36820,1428,1430,5B,5B
36820,1429,1475,5B,5B
36820,1430,1434,5B,5B
36820,1486,1585,5B,5B
36840,1427,1430,5B,5B
36840,1427,1471,5B,5B
36840,1430,1439,5B,5B
36840,1430,1563,5B,5B
36840,1434,1441,5B,5B
36840,1437,1563,5B,5B
36840,1443,1475,5B,5B
36840,1486,1585,5B,5B
36860,1427,1465,5B,5B
36860,1430,1482,5B,5B
36860,1437,1563,5B,5B
36860,1439,1480,5B,5B
36860,1486,1585,5B,5B
36880,1426,1443,5B,5B
36880,1486,1585,5B,5B
36900,1427,1429,5B,5B
36900,1427,1465,5B,5B
36900,1430,1482,5B,5B
36900,1434,1441,5B,5B
36900,1486,1585,5B,5B
36920,1439,1480,5B,5B
36920,1471,1585,5B,5B
36920,1475,1489,5B,5B
36920,1475,1585,5B,5B
36940,1426,1427,5B,5B
36940,1426,1429,5B,5B
36940,1427,1475,5B,5B
36940,1430,1482,5B,5B
36940,1437,1563,5B,5B
36940,1439,1480,5B,5B
36940,1439,1482,5B,5B
36940,1471,1585,5B,5B
36940,1482,1489,5B,5B
36940,1486,1585,5B,5B
36940,1489,1563,5B,5B
36960,1426,1427,5B,5B
36960,1427,1465,5B,5B
36960,1475,1578,5B,5B
36960,1489,1563,5B,5B
36980,1426,1437,5B,5B
36980,1427,1465,5B,5B
36980,1431,1434,5B,5B
37000,1427,1465,5B,5B
37000,1434,1437,5B,5B
37000,1465,1563,5B,5B
37000,1471,1578,5B,5B
37020,1486,1585,5B,5B
37040,1427,1465,5B,5B
37060,1427,1465,5B,5B
37060,1430,1482,5B,5B
37080,1426,1489,5B,5B
37080,1430,1482,5B,5B
37080,1465,1563,5B,5B
37100,1426,1439,5B,5B
37100,1426,1489,5B,5B
37100,1430,1482,5B,5B
37120,1426,1489,5B,5B
37120,1427,1465,5B,5B
37120,1430,1482,5B,5B
37120,1435,1578,5B,5B
37140,1443,1489,5B,5B
37160,1426,1471,5B,5B
37160,1443,1489,5B,5B
37180,1427,1465,5B,5B
37180,1429,1471,5B,5B
37200,1426,1429,5B,5B
37200,1427,1465,5B,5B
37200,1427,1563,5B,5B
37200,1429,1443,5B,5B
37200,1430,1482,5B,5B
37200,1441,1443,5B,5B
37220,1430,1482,5B,5B
37240,1430,1482,5B,5B
37240,1443,1475,5B,5B
37260,1426,1429,5B,5B
37320,1486,1578,5B,5B
37340,1429,1439,5B,5B
37360,1435,1443,5B,5B
37360,1435,1471,5B,5B
37360,1443,1486,5B,5B
37380,1429,1439,5B,5B
37400,1429,1439,5B,5B
37400,1486,1585,5B,5B
37420,1430,1482,5B,5B
37420,1475,1578,5B,5B
37420,1480,1563,5B,5B
37440,1430,1482,5B,5B
37440,1431,1486,5B,5B
37480,1429,1439,5B,5B
37480,1431,1434,5B,5B
37520,1426,1435,5B,5B
37520,1435,1578,5B,5B
37540,1578,1592,5B,5B
37560,1578,1592,5B,5B
37600,1471,1592,5B,5B
37660,1486,1585,5B,5B
37680,1471,1592,5B,5B
37740,1475,1578,5B,5B
37760,1475,1578,5B,5B
37780,1475,1578,5B,5B
37920,1437,1563,5B,5B
38060,1437,1563,5B,5B
38140,1437,1563,5B,5B
38160,1437,1563,5B,5B
38340,1437,1563,5B,5B
38360,1437,1563,5B,5B
38400,1437,1563,5B,5B
38460,1465,1486,5B,5B
38500,1437,1563,5B,5B
38600,1437,1563,5B,5B
38620,1430,1482,5B,5B
38620,1437,1563,5B,5B
38660,1437,1563,5B,5B
38680,1437,1563,5B,5B
38700,1437,1563,5B,5B
38720,1443,1578,5B,5B
38740,1435,1578,5B,5B
38740,1439,1480,5B,5B
38740,1443,1578,5B,5B
38760,1443,1475,5B,5B
38780,1439,1471,5B,5B
38780,1471,1489,5B,5B
38800,1426,1443,5B,5B
38800,1437,1563,5B,5B
38820,1426,1443,5B,5B
38880,1439,1480,5B,5B
39160,1435,1578,5B,5B
39180,1426,1429,5B,5B
39180,1437,1563,5B,5B
39340,1431,1475,5B,5B
39340,1431,1578,5B,5B
39360,1431,1475,5B,5B
39360,1437,1563,5B,5B
39400,1427,1471,5B,5B
39440,1435,1471,5B,5B
39440,1443,1578,5B,5B
39480,1431,1465,5B,5B
39480,1431,1563,5B,5B
39520,1426,1429,5B,5B
39540,1426,1429,5B,5B
39560,1426,1429,5B,5B
39560,1427,1437,5B,5B
39560,1427,1465,5B,5B
39580,1426,1429,5B,5B
39580,1443,1578,5B,5B
39600,1426,1429,5B,5B
39640,1426,1427,5B,5B
39640,1426,1443,5B,5B
39640,1426,1471,5B,5B
39640,1427,1443,5B,5B
39640,1443,1471,5B,5B
39660,1426,1427,5B,5B
39660,1426,1443,5B,5B
39680,1427,1563,5B,5B
39700,1489,1563,5B,5B
39720,1426,1578,5B,5B
39720,1437,1563,5B,5B
39740,1435,1578,5B,5B
39740,1437,1563,5B,5B
39760,1427,1471,5B,5B
39760,1435,1578,5B,5B
39760,1437,1563,5B,5B
39780,1426,1429,5B,5B
39780,1435,1578,5B,5B
39780,1437,1563,5B,5B
39800,1435,1578,5B,5B
39800,1437,1563,5B,5B
39820,1435,1578,5B,5B
39840,1437,1563,5B,5B
39860,1426,1437,5B,5B
39860,1426,1443,5B,5B
39880,1426,1437,5B,5B
39880,1426,1443,5B,5B
39880,1435,1578,5B,5B
39880,1437,1563,5B,5B
39900,1435,1578,5B,5B
39920,1435,1578,5B,5B
39920,1437,1563,5B,5B
39920,1439,1585,5B,5B
39940,1435,1578,5B,5B
39940,1437,1563,5B,5B
39940,1439,1585,5B,5B
39960,1435,1578,5B,5B
39960,1437,1563,5B,5B
39980,1435,1578,5B,5B
40000,1435,1578,5B,5B
40000,1437,1563,5B,5B
40020,1426,1429,5B,5B
40060,1435,1578,5B,5B
40060,1475,1578,5B,5B
40080,1429,1465,5B,5B
40080,1443,1475,5B,5B
40100,1428,1475,5B,5B
40100,1435,1578,5B,5B
40120,1427,1429,5B,5B
40120,1428,1475,5B,5B
40120,1431,1434,5B,5B
40120,1443,1475,5B,5B
40120,1475,1489,5B,5B
40120,1486,1585,5B,5B
40140,1427,1429,5B,5B
40140,1428,1489,5B,5B
40140,1431,1434,5B,5B
40160,1428,1475,5B,5B
40160,1431,1434,5B,5B
40160,1439,1585,5B,5B
40180,1434,1443,5B,5B
40180,1437,1563,5B,5B
40180,1475,1578,5B,5B
40200,1427,1429,5B,5B
40200,1437,1563,5B,5B
40200,1443,1489,5B,5B
40220,1427,1429,5B,5B
40220,1427,1465,5B,5B
40220,1428,1443,5B,5B
40220,1443,1489,5B,5B
40220,1475,1489,5B,5B
40240,1427,1429,5B,5B
40240,1427,1437,5B,5B
40240,1428,1443,5B,5B
40240,1431,1489,5B,5B
40240,1437,1563,5B,5B
40240,1443,1489,5B,5B
40260,1427,1437,5B,5B
40260,1431,1443,5B,5B
40260,1437,1563,5B,5B
40260,1443,1489,5B,5B
40260,1465,1486,5B,5B
40280,1427,1437,5B,5B
40280,1431,1443,5B,5B
40280,1431,1489,5B,5B
40280,1443,1489,5B,5B
40300,1431,1443,5B,5B
40300,1431,1489,5B,5B
40300,1443,1489,5B,5B
40300,1486,1585,5B,5B
40320,1427,1437,5B,5B
40340,1426,1429,5B,5B
40340,1431,1475,5B,5B
40340,1431,1489,5B,5B
40340,1435,1578,5B,5B
40360,1426,1429,5B,5B
40360,1429,1439,5B,5B
40360,1431,1489,5B,5B
40360,1437,1563,5B,5B
40360,1486,1585,5B,5B
40380,1427,1437,5B,5B
40380,1430,1431,5B,5B
40400,1427,1437,5B,5B
40400,1430,1431,5B,5B
40400,1431,1437,5B,5B
40400,1431,1578,5B,5B
40400,1435,1578,5B,5B
40420,1426,1592,5B,5B
40420,1435,1471,5B,5B
40420,1435,1578,5B,5B
40440,1426,1592,5B,5B
40440,1435,1471,5B,5B
40440,1443,1475,5B,5B
40460,1426,1430,5B,5B
40460,1486,1585,5B,5B
40480,1427,1429,5B,5B
40480,1443,1475,5B,5B
40500,1427,1429,5B,5B
40500,1437,1563,5B,5B
40520,1437,1563,5B,5B
40540,1426,1435,5B,5B
40540,1426,1471,5B,5B
40540,1437,1563,5B,5B
40560,1437,1563,5B,5B
40560,1465,1486,5B,5B
40580,1426,1430,5B,5B
40580,1465,1486,5B,5B
40600,1426,1430,5B,5B
40600,1437,1563,5B,5B
40620,1443,1475,5B,5B
40660,1486,1585,5B,5B
40680,1426,1430,5B,5B
40680,1426,1578,5B,5B
40680,1437,1563,5B,5B
40680,1486,1585,5B,5B
40700,1426,1578,5B,5B
40700,1443,1475,5B,5B
40700,1486,1585,5B,5B
40720,1426,1578,5B,5B
40720,1437,1563,5B,5B
40720,1443,1475,5B,5B
40740,1426,1578,5B,5B
40740,1437,1563,5B,5B
40740,1443,1475,5B,5B
40740,1486,1585,5B,5B
40760,1437,1439,5B,5B
40760,1443,1489,5B,5B
40760,1443,1563,5B,5B
40780,1426,1430,5B,5B
40780,1426,1578,5B,5B
40780,1443,1489,5B,5B
40800,1426,1578,5B,5B
40840,1426,1430,5B,5B
40960,1426,1439,5B,5B
40960,1437,1563,5B,5B
40980,1426,1439,5B,5B
40980,1486,1585,5B,5B
41040,1435,1578,5B,5B
41040,1437,1563,5B,5B
41060,1435,1578,5B,5B
41080,1426,1430,5B,5B
41140,1437,1563,5B,5B
41160,1437,1563,5B,5B
41180,1426,1437,5B,5B
41180,1426,1465,5B,5B
41180,1429,1431,5B,5B
41180,1437,1585,5B,5B
41180,1441,1471,5B,5B
41180,1486,1585,5B,5B
41200,1426,1437,5B,5B
41200,1426,1465,5B,5B
41200,1426,1585,5B,5B
41200,1429,1431,5B,5B
41200,1430,1431,5B,5B
41200,1437,1486,5B,5B
41200,1437,1563,5B,5B
41220,1426,1585,5B,5B
41220,1435,1578,5B,5B
41220,1437,1486,5B,5B
41220,1437,1563,5B,5B
41220,1486,1585,5B,5B
41240,1427,1465,5B,5B
41240,1429,1439,5B,5B
41240,1429,1475,5B,5B
41240,1429,1482,5B,5B
41240,1437,1563,5B,5B
41240,1439,1486,5B,5B
41240,1443,1486,5B,5B
41240,1475,1482,5B,5B
41240,1475,1592,5B,5B
41240,1482,1585,5B,5B
41260,1426,1428,5B,5B
41260,1427,1465,5B,5B
41260,1428,1578,5B,5B
41260,1435,1489,5B,5B
41260,1437,1563,5B,5B
41260,1439,1486,5B,5B
41260,1480,1489,5B,5B
41260,1486,1585,5B,5B
41260,1486,1592,5B,5B
41260,1563,1585,5B,5B
41260,1578,1585,5B,5B
41260,1585,1592,5B,5B
41280,1426,1482,5B,5B
41280,1426,1578,5B,5B
41280,1427,1465,5B,5B
41280,1428,1482,5B,5B
41280,1435,1471,5B,5B
41280,1435,1482,5B,5B
41280,1489,1585,5B,5B
41300,1426,1435,5B,5B
41300,1431,1434,5B,5B
41300,1435,1578,5B,5B
41300,1439,1480,5B,5B
41300,1471,1482,5B,5B
41300,1471,1592,5B,5B
41300,1486,1585,5B,5B
41320,1435,1578,5B,5B
41320,1471,1592,5B,5B
41320,1486,1585,5B,5B
41400,1426,1429,5B,5B
41400,1443,1475,5B,5B
41440,1427,1465,5B,5B
41480,1427,1437,5B,5B
41500,1426,1429,5B,5B
41540,1480,1563,5B,5B
41580,1427,1437,5B,5B
41580,1427,1465,5B,5B
41580,1486,1585,5B,5B
41600,1437,1563,5B,5B
41600,1486,1585,5B,5B
41620,1427,1465,5B,5B
41780,1427,1465,5B,5B
41920,1437,1563,5B,5B
41960,1486,1585,5B,5B
42120,1486,1585,5B,5B
42200,1430,1482,5B,5B
42280,1437,1563,5B,5B
42340,1437,1563,5B,5B
42360,1437,1563,5B,5B
42380,1426,1429,5B,5B
42380,1427,1465,5B,5B
42380,1437,1563,5B,5B
42380,1465,1563,5B,5B
42380,1486,1585,5B,5B
42400,1426,1429,5B,5B
42400,1427,1431,5B,5B
42400,1427,1465,5B,5B
42400,1431,1465,5B,5B
42400,1437,1563,5B,5B
42400,1486,1585,5B,5B
42420,1426,1429,5B,5B
42420,1426,1465,5B,5B
42420,1427,1429,5B,5B
42420,1435,1578,5B,5B
42420,1437,1563,5B,5B
42440,1426,1429,5B,5B
42440,1427,1429,5B,5B
42440,1428,1482,5B,5B
42440,1429,1465,5B,5B
42440,1431,1434,5B,5B
42440,1439,1480,5B,5B
42460,1426,1429,5B,5B
42460,1426,1431,5B,5B
42460,1427,1465,5B,5B
42460,1429,1465,5B,5B
42480,1426,1428,5B,5B
42480,1427,1429,5B,5B
42480,1427,1431,5B,5B
42480,1427,1465,5B,5B
42480,1429,1431,5B,5B
42480,1439,1578,5B,5B
42480,1471,1578,5B,5B
42500,1426,1428,5B,5B
42500,1426,1437,5B,5B
42500,1426,1563,5B,5B
42500,1426,1585,5B,5B
42500,1427,1465,5B,5B
42500,1428,1585,5B,5B
42500,1429,1437,5B,5B
42500,1429,1563,5B,5B
42500,1431,1578,5B,5B
42500,1437,1475,5B,5B
42500,1437,1563,5B,5B
42500,1439,1563,5B,5B
42500,1471,1578,5B,5B
42520,1426,1428,5B,5B
42520,1426,1482,5B,5B
42520,1426,1585,5B,5B
42520,1428,1482,5B,5B
42520,1428,1585,5B,5B
42520,1431,1578,5B,5B
42520,1434,1439,5B,5B
42520,1434,1443,5B,5B
42520,1434,1471,5B,5B
42520,1437,1563,5B,5B
42540,1426,1482,5B,5B
42540,1427,1465,5B,5B
42540,1428,1471,5B,5B
42540,1429,1431,5B,5B
42540,1429,1471,5B,5B
42540,1431,1480,5B,5B
42540,1434,1482,5B,5B
42540,1437,1563,5B,5B
42540,1482,1585,5B,5B
42560,1426,1482,5B,5B
42560,1426,1585,5B,5B
42560,1428,1471,5B,5B
42560,1437,1563,5B,5B
42560,1439,1480,5B,5B
42560,1471,1578,5B,5B
42560,1482,1585,5B,5B
42580,1426,1443,5B,5B
42580,1426,1585,5B,5B
42580,1428,1431,5B,5B
42580,1428,1471,5B,5B
42580,1431,1437,5B,5B
42580,1437,1563,5B,5B
42580,1437,1585,5B,5B
42580,1439,1480,5B,5B
42580,1439,1482,5B,5B
42580,1439,1585,5B,5B
42580,1471,1578,5B,5B
42580,1482,1585,5B,5B
42600,1427,1465,5B,5B
42600,1428,1429,5B,5B
42600,1428,1471,5B,5B
42600,1429,1578,5B,5B
42600,1429,1585,5B,5B
42600,1431,1437,5B,5B
42600,1439,1480,5B,5B
42600,1439,1482,5B,5B
42600,1439,1563,5B,5B
42600,1439,1585,5B,5B
42600,1480,1563,5B,5B
42620,1427,1465,5B,5B
42620,1428,1471,5B,5B
42620,1428,1578,5B,5B
42620,1429,1431,5B,5B
42620,1429,1437,5B,5B
42620,1429,1563,5B,5B
42620,1431,1563,5B,5B
42620,1437,1563,5B,5B
42620,1471,1578,5B,5B
42640,1426,1585,5B,5B
42640,1427,1465,5B,5B
42640,1428,1471,5B,5B
42640,1428,1578,5B,5B
42640,1429,1431,5B,5B
42640,1431,1563,5B,5B
42640,1437,1563,5B,5B
42640,1471,1578,5B,5B
42640,1482,1585,5B,5B
42660,1427,1465,5B,5B
42660,1429,1431,5B,5B
42680,1428,1429,5B,5B
42700,1427,1465,5B,5B
42720,1427,1465,5B,5B
42720,1431,1437,5B,5B
42720,1431,1563,5B,5B
42720,1437,1563,5B,5B
42720,1439,1480,5B,5B
42740,1428,1471,5B,5B
42740,1429,1431,5B,5B
42740,1429,1471,5B,5B
42740,1431,1471,5B,5B
42740,1434,1443,5B,5B
42740,1437,1563,5B,5B
42740,1439,1471,5B,5B
42740,1439,1480,5B,5B
42740,1439,1578,5B,5B
42740,1482,1585,5B,5B
42760,1427,1465,5B,5B
42760,1428,1439,5B,5B
42760,1428,1471,5B,5B
42760,1428,1480,5B,5B
42760,1429,1431,5B,5B
42760,1429,1437,5B,5B
42760,1429,1563,5B,5B
42760,1431,1563,5B,5B
42760,1437,1563,5B,5B
42760,1439,1480,5B,5B
42760,1471,1578,5B,5B
42760,1471,1585,5B,5B
42780,1427,1465,5B,5B
42780,1428,1471,5B,5B
42780,1428,1480,5B,5B
42780,1429,1431,5B,5B
42780,1429,1437,5B,5B
42780,1429,1563,5B,5B
42780,1431,1437,5B,5B
42780,1434,1443,5B,5B
42780,1437,1489,5B,5B
42780,1437,1563,5B,5B
42780,1439,1480,5B,5B
42780,1443,1482,5B,5B
42780,1471,1578,5B,5B
42780,1471,1585,5B,5B
42800,1426,1471,5B,5B
42800,1426,1578,5B,5B
42800,1427,1465,5B,5B
42800,1428,1480,5B,5B
42800,1428,1578,5B,5B
42800,1429,1431,5B,5B
42800,1429,1437,5B,5B
42800,1429,1489,5B,5B
42800,1431,1437,5B,5B
42800,1431,1439,5B,5B
42800,1434,1443,5B,5B
42800,1434,1471,5B,5B
42800,1437,1439,5B,5B
42800,1437,1563,5B,5B
42800,1439,1480,5B,5B
42800,1471,1578,5B,5B
42800,1482,1585,5B,5B
42800,1489,1563,5B,5B
42820,1426,1428,5B,5B
42820,1426,1578,5B,5B
42820,1427,1465,5B,5B
42820,1428,1439,5B,5B
42820,1428,1578,5B,5B
42820,1429,1431,5B,5B
42820,1429,1439,5B,5B
42820,1429,1480,5B,5B
42820,1429,1489,5B,5B
42820,1431,1437,5B,5B
42820,1431,1439,5B,5B
42820,1431,1563,5B,5B
42820,1437,1489,5B,5B
42820,1437,1563,5B,5B
42820,1439,1480,5B,5B
42820,1489,1563,5B,5B
42840,1426,1471,5B,5B
42840,1426,1578,5B,5B
42840,1427,1465,5B,5B
42840,1429,1431,5B,5B
42840,1429,1437,5B,5B
42840,1429,1489,5B,5B
42840,1434,1585,5B,5B
42840,1437,1489,5B,5B
42840,1437,1563,5B,5B
42840,1471,1578,5B,5B
42840,1471,1585,5B,5B
42840,1482,1585,5B,5B
42840,1489,1563,5B,5B
42860,1426,1578,5B,5B
42860,1427,1465,5B,5B
42860,1429,1431,5B,5B
42860,1429,1489,5B,5B
42860,1431,1480,5B,5B
42860,1437,1489,5B,5B
42860,1437,1563,5B,5B
42860,1471,1578,5B,5B
42880,1427,1465,5B,5B
42880,1428,1439,5B,5B
42880,1428,1480,5B,5B
42880,1429,1431,5B,5B
42880,1429,1439,5B,5B
42880,1429,1489,5B,5B
42880,1431,1439,5B,5B
42880,1431,1489,5B,5B
42880,1437,1489,5B,5B
42880,1437,1563,5B,5B
42880,1439,1480,5B,5B
42880,1471,1578,5B,5B
42880,1471,1585,5B,5B
42880,1489,1563,5B,5B
42900,1427,1465,5B,5B
42900,1428,1480,5B,5B
42900,1429,1431,5B,5B
42900,1431,1480,5B,5B
42900,1431,1489,5B,5B
42900,1434,1585,5B,5B
42900,1437,1489,5B,5B
42900,1437,1563,5B,5B
42900,1471,1482,5B,5B
42900,1471,1578,5B,5B
42900,1471,1585,5B,5B
42900,1482,1585,5B,5B
42900,1489,1563,5B,5B
42920,1426,1428,5B,5B
42920,1427,1465,5B,5B
42920,1428,1480,5B,5B
42920,1434,1443,5B,5B
42920,1434,1578,5B,5B
42920,1434,1585,5B,5B
42920,1437,1439,5B,5B
42920,1437,1489,5B,5B
42920,1437,1563,5B,5B
42920,1439,1480,5B,5B
42920,1471,1482,5B,5B
42920,1471,1578,5B,5B
42920,1471,1585,5B,5B
42920,1489,1563,5B,5B
42920,1578,1585,5B,5B
42940,1426,1428,5B,5B
42940,1426,1563,5B,5B
42940,1428,1439,5B,5B
42940,1429,1431,5B,5B
42940,1429,1439,5B,5B
42940,1431,1439,5B,5B
42940,1431,1489,5B,5B
42940,1434,1443,5B,5B
42940,1437,1489,5B,5B
42940,1437,1563,5B,5B
42940,1439,1480,5B,5B
42940,1471,1578,5B,5B
42940,1471,1585,5B,5B
42940,1489,1563,5B,5B
42940,1578,1585,5B,5B
42960,1426,1428,5B,5B
42960,1428,1471,5B,5B
42960,1429,1431,5B,5B
42960,1429,1439,5B,5B
42960,1431,1439,5B,5B
42960,1431,1489,5B,5B
42960,1437,1563,5B,5B
42960,1439,1480,5B,5B
42960,1439,1489,5B,5B
42960,1471,1480,5B,5B
42960,1471,1585,5B,5B
42960,1482,1578,5B,5B
42960,1482,1585,5B,5B
42960,1489,1563,5B,5B
42960,1578,1585,5B,5B
42980,1427,1465,5B,5B
42980,1428,1429,5B,5B
42980,1429,1431,5B,5B
42980,1429,1439,5B,5B
42980,1431,1439,5B,5B
42980,1437,1489,5B,5B
42980,1439,1480,5B,5B
42980,1471,1578,5B,5B
42980,1482,1585,5B,5B
42980,1578,1585,5B,5B
43000,1427,1465,5B,5B
43000,1428,1439,5B,5B
43000,1437,1563,5B,5B
43000,1471,1578,5B,5B
43020,1427,1465,5B,5B
43020,1437,1563,5B,5B
43020,1439,1578,5B,5B
43020,1439,1585,5B,5B
43020,1471,1578,5B,5B
43020,1480,1578,5B,5B
43040,1427,1465,5B,5B
43040,1429,1431,5B,5B
43040,1437,1563,5B,5B
43040,1471,1585,5B,5B
43040,1578,1585,5B,5B
43060,1427,1465,5B,5B
43060,1437,1563,5B,5B
43060,1439,1480,5B,5B
43060,1439,1482,5B,5B
43060,1480,1482,5B,5B
43080,1427,1465,5B,5B
43080,1439,1480,5B,5B
43080,1439,1585,5B,5B
43080,1471,1578,5B,5B
43080,1480,1482,5B,5B
43100,1426,1443,5B,5B
43100,1427,1465,5B,5B
43100,1429,1489,5B,5B
43100,1439,1489,5B,5B
43100,1482,1578,5B,5B
43120,1426,1443,5B,5B
43120,1427,1465,5B,5B
43120,1428,1585,5B,5B
43120,1429,1489,5B,5B
43120,1482,1578,5B,5B
43140,1426,1443,5B,5B
43140,1427,1465,5B,5B
43140,1429,1489,5B,5B
43160,1426,1443,5B,5B
43160,1427,1465,5B,5B
43160,1429,1489,5B,5B
43160,1482,1578,5B,5B
43180,1427,1465,5B,5B
43180,1428,1585,5B,5B
43180,1429,1489,5B,5B
43200,1428,1437,5B,5B
43200,1428,1563,5B,5B
43200,1428,1585,5B,5B
43200,1429,1489,5B,5B
43200,1437,1563,5B,5B
43200,1471,1482,5B,5B
43200,1471,1578,5B,5B
43200,1482,1578,5B,5B
43200,1482,1585,5B,5B
43220,1428,1585,5B,5B
43220,1429,1489,5B,5B
43220,1437,1563,5B,5B
43220,1471,1482,5B,5B
43220,1482,1578,5B,5B
43240,1426,1471,5B,5B
43240,1429,1489,5B,5B
43240,1437,1563,5B,5B
43240,1471,1482,5B,5B
43260,1426,1471,5B,5B
43260,1429,1489,5B,5B
43280,1429,1489,5B,5B
43280,1471,1578,5B,5B
43280,1482,1578,5B,5B
43300,1426,1482,5B,5B
43300,1426,1578,5B,5B
43300,1429,1489,5B,5B
43320,1429,1489,5B,5B
43320,1437,1563,5B,5B
43340,1426,1471,5B,5B
43340,1426,1578,5B,5B
43340,1429,1489,5B,5B
43340,1437,1563,5B,5B
43360,1426,1471,5B,5B
43360,1426,1578,5B,5B
43360,1429,1489,5B,5B
43360,1437,1563,5B,5B
43360,1471,1578,5B,5B
43380,1426,1471,5B,5B
43380,1426,1578,5B,5B
43380,1429,1489,5B,5B
43380,1437,1563,5B,5B
43380,1471,1578,5B,5B
43400,1426,1578,5B,5B
43400,1429,1489,5B,5B
43400,1437,1563,5B,5B
43420,1429,1489,5B,5B
43420,1437,1563,5B,5B
43440,1429,1489,5B,5B
43440,1437,1563,5B,5B
43460,1426,1578,5B,5B
43460,1429,1489,5B,5B
43460,1437,1563,5B,5B
43480,1426,1471,5B,5B
43480,1426,1482,5B,5B
43480,1429,1489,5B,5B
43480,1471,1482,5B,5B
43500,1426,1471,5B,5B
43500,1429,1489,5B,5B
43500,1471,1482,5B,5B
43520,1426,1471,5B,5B
43520,1429,1489,5B,5B
43520,1431,1563,5B,5B
43540,1428,1437,5B,5B
43540,1428,1563,5B,5B
43540,1429,1489,5B,5B
43540,1437,1563,5B,5B
43560,1426,1471,5B,5B
43560,1428,1437,5B,5B
43560,1428,1563,5B,5B
43560,1429,1489,5B,5B
43560,1437,1563,5B,5B
43580,1426,1471,5B,5B
43580,1429,1489,5B,5B
43580,1431,1437,5B,5B
43580,1431,1563,5B,5B
43600,1426,1471,5B,5B
43600,1429,1489,5B,5B
43620,1426,1471,5B,5B
43620,1429,1489,5B,5B
43620,1437,1563,5B,5B
43640,1426,1471,5B,5B
43640,1429,1489,5B,5B
43660,1426,1578,5B,5B
43660,1429,1489,5B,5B
43680,1426,1471,5B,5B
43680,1429,1489,5B,5B
43680,1431,1563,5B,5B
43680,1437,1563,5B,5B
43680,1471,1578,5B,5B
43700,1431,1437,5B,5B
43700,1471,1578,5B,5B
43720,1429,1489,5B,5B
43720,1434,1489,5B,5B
43720,1437,1563,5B,5B
43740,1429,1431,5B,5B
43740,1429,1489,5B,5B
43740,1431,1489,5B,5B
43760,1429,1489,5B,5B
43760,1431,1437,5B,5B
43760,1471,1482,5B,5B
43760,1471,1585,5B,5B
43780,1437,1563,5B,5B
43780,1471,1482,5B,5B
43780,1471,1585,5B,5B
43800,1426,1471,5B,5B
43800,1434,1480,5B,5B
43800,1437,1563,5B,5B
43820,1426,1471,5B,5B
43820,1426,1578,5B,5B
43820,1471,1578,5B,5B
43840,1426,1471,5B,5B
43840,1426,1578,5B,5B
43840,1428,1585,5B,5B
43860,1428,1585,5B,5B
43860,1429,1489,5B,5B
43860,1437,1563,5B,5B
43880,1426,1471,5B,5B
43880,1429,1489,5B,5B
43880,1437,1563,5B,5B
43900,1429,1489,5B,5B
43900,1431,1489,5B,5B
43900,1437,1563,5B,5B
43900,1437,1585,5B,5B
43920,1429,1489,5B,5B
43920,1437,1563,5B,5B
43940,1426,1585,5B,5B
43940,1429,1489,5B,5B
43940,1437,1563,5B,5B
43960,1429,1489,5B,5B
43960,1437,1563,5B,5B
43960,1480,1482,5B,5B
43980,1426,1563,5B,5B
43980,1429,1437,5B,5B
43980,1429,1489,5B,5B
43980,1437,1563,5B,5B
44000,1426,1563,5B,5B
44000,1429,1489,5B,5B
44000,1437,1563,5B,5B
44020,1429,1489,5B,5B
44020,1437,1563,5B,5B
44040,1429,1489,5B,5B
44040,1431,1482,5B,5B
44040,1437,1563,5B,5B
44060,1426,1585,5B,5B
44060,1429,1489,5B,5B
44060,1437,1563,5B,5B
44080,1426,1585,5B,5B
44080,1429,1480,5B,5B
44080,1429,1489,5B,5B
44100,1429,1437,5B,5B
44100,1429,1480,5B,5B
44100,1429,1489,5B,5B
44100,1437,1480,5B,5B
44100,1480,1489,5B,5B
44120,1429,1480,5B,5B
44120,1437,1563,5B,5B
44120,1471,1578,5B,5B
44140,1429,1489,5B,5B
44140,1437,1563,5B,5B
44140,1471,1578,5B,5B
44160,1426,1563,5B,5B
44160,1428,1585,5B,5B
44160,1429,1489,5B,5B
44160,1437,1563,5B,5B
44180,1426,1585,5B,5B
44180,1429,1489,5B,5B
44180,1437,1563,5B,5B
44200,1426,1585,5B,5B
44200,1429,1489,5B,5B
44200,1437,1563,5B,5B
44200,1471,1482,5B,5B
44200,1482,1578,5B,5B
44220,1426,1585,5B,5B
44220,1428,1585,5B,5B
44220,1429,1489,5B,5B
44220,1437,1563,5B,5B
44240,1428,1585,5B,5B
44240,1429,1489,5B,5B
44240,1437,1563,5B,5B
44260,1429,1489,5B,5B
44260,1437,1563,5B,5B
44280,1429,1489,5B,5B
44300,1429,1489,5B,5B
44320,1429,1489,5B,5B
44320,1437,1563,5B,5B
44320,1437,1585,5B,5B
44340,1429,1489,5B,5B
44340,1437,1563,5B,5B
44340,1563,1585,5B,5B
44360,1426,1428,5B,5B
44360,1429,1489,5B,5B
44360,1437,1585,5B,5B
44380,1429,1431,5B,5B
44380,1429,1437,5B,5B
44380,1429,1489,5B,5B
44380,1431,1489,5B,5B
44400,1426,1428,5B,5B
44400,1426,1585,5B,5B
44400,1429,1431,5B,5B
44400,1429,1489,5B,5B
44400,1431,1489,5B,5B
44400,1480,1563,5B,5B
44420,1437,1563,5B,5B
44440,1429,1489,5B,5B
44440,1437,1480,5B,5B
44460,1431,1471,5B,5B
44480,1429,1431,5B,5B
44480,1429,1489,5B,5B
44480,1431,1563,5B,5B
44480,1482,1563,5B,5B
44500,1431,1489,5B,5B
44500,1437,1480,5B,5B
44500,1437,1563,5B,5B
44500,1489,1563,5B,5B
44520,1429,1489,5B,5B
44520,1431,1480,5B,5B
44520,1431,1489,5B,5B
44520,1437,1563,5B,5B
44520,1471,1482,5B,5B
44520,1480,1489,5B,5B
44540,1429,1489,5B,5B
44540,1431,1480,5B,5B
44560,1429,1480,5B,5B
44560,1429,1489,5B,5B
44560,1437,1563,5B,5B
44560,1480,1489,5B,5B
44580,1429,1480,5B,5B
44580,1429,1489,5B,5B
44580,1437,1563,5B,5B
44600,1429,1480,5B,5B
44600,1429,1489,5B,5B
44600,1437,1563,5B,5B
44600,1480,1489,5B,5B
44620,1429,1431,5B,5B
44620,1429,1489,5B,5B
44620,1431,1489,5B,5B
44620,1443,1563,5B,5B
44640,1428,1482,5B,5B
44640,1429,1480,5B,5B
44640,1429,1489,5B,5B
44640,1431,1480,5B,5B
44660,1429,1431,5B,5B
44660,1429,1480,5B,5B
44660,1431,1480,5B,5B
44680,1426,1428,5B,5B
44680,1429,1480,5B,5B
44680,1429,1489,5B,5B
44680,1431,1480,5B,5B
44680,1471,1578,5B,5B
44680,1482,1578,5B,5B
44700,1429,1489,5B,5B
44700,1431,1480,5B,5B
44700,1471,1482,5B,5B
44700,1471,1578,5B,5B
44700,1482,1578,5B,5B
44720,1428,1585,5B,5B
44720,1429,1489,5B,5B
44720,1431,1480,5B,5B
44720,1437,1563,5B,5B
44720,1482,1578,5B,5B
44740,1429,1489,5B,5B
44740,1431,1480,5B,5B
44740,1437,1563,5B,5B
44760,1426,1428,5B,5B
44760,1431,1480,5B,5B
44760,1437,1563,5B,5B
44780,1431,1434,5B,5B
44780,1431,1480,5B,5B
44780,1434,1480,5B,5B
44780,1437,1563,5B,5B
44800,1428,1437,5B,5B
44800,1428,1563,5B,5B
44800,1429,1489,5B,5B
44800,1431,1480,5B,5B
44800,1434,1480,5B,5B
44800,1437,1563,5B,5B
44820,1426,1428,5B,5B
44820,1428,1563,5B,5B
44820,1429,1489,5B,5B
44820,1434,1480,5B,5B
44820,1437,1563,5B,5B
44820,1437,1585,5B,5B
44820,1563,1585,5B,5B
44840,1429,1489,5B,5B
44840,1434,1480,5B,5B
44840,1437,1563,5B,5B
44860,1429,1489,5B,5B
44860,1434,1480,5B,5B
44860,1437,1563,5B,5B
44880,1429,1437,5B,5B
44880,1429,1489,5B,5B
44880,1437,1563,5B,5B
44900,1426,1428,5B,5B
44900,1437,1489,5B,5B
44920,1426,1428,5B,5B
44920,1429,1489,5B,5B
44920,1437,1489,5B,5B
44920,1437,1563,5B,5B
44940,1429,1489,5B,5B
44940,1431,1480,5B,5B
44940,1434,1585,5B,5B
44940,1482,1578,5B,5B
44960,1429,1489,5B,5B
44960,1431,1480,5B,5B
44960,1471,1578,5B,5B
44980,1429,1489,5B,5B
44980,1431,1480,5B,5B
45000,1426,1428,5B,5B
45000,1426,1585,5B,5B
45000,1429,1489,5B,5B
45000,1434,1480,5B,5B
45020,1429,1489,5B,5B
45040,1429,1489,5B,5B
45040,1431,1480,5B,5B
45060,1429,1489,5B,5B
45060,1437,1443,5B,5B
45080,1426,1428,5B,5B
45080,1429,1489,5B,5B
45080,1431,1480,5B,5B
45080,1482,1578,5B,5B
45080,1489,1563,5B,5B
45100,1426,1563,5B,5B
45100,1429,1489,5B,5B
45100,1431,1480,5B,5B
45100,1489,1563,5B,5B
45120,1429,1489,5B,5B
45120,1431,1480,5B,5B
45120,1471,1578,5B,5B
45120,1482,1578,5B,5B
45140,1429,1437,5B,5B
45140,1429,1489,5B,5B
45140,1431,1480,5B,5B
45160,1429,1489,5B,5B
45160,1471,1578,5B,5B
45180,1429,1489,5B,5B
45180,1431,1480,5B,5B
45180,1471,1482,5B,5B
45180,1471,1578,5B,5B
45180,1482,1578,5B,5B
45200,1426,1428,5B,5B
45200,1426,1585,5B,5B
45200,1429,1489,5B,5B
45200,1431,1480,5B,5B
45200,1471,1578,5B,5B
45220,1426,1428,5B,5B
45220,1426,1585,5B,5B
45220,1429,1489,5B,5B
45220,1431,1480,5B,5B
45240,1426,1578,5B,5B
45240,1426,1585,5B,5B
45240,1429,1489,5B,5B
45240,1431,1480,5B,5B
45240,1434,1443,5B,5B
45260,1429,1489,5B,5B
45260,1431,1480,5B,5B
45260,1434,1443,5B,5B
45280,1428,1585,5B,5B
45280,1429,1489,5B,5B
45280,1431,1480,5B,5B
45280,1434,1443,5B,5B
45300,1426,1437,5B,5B
45300,1429,1489,5B,5B
45300,1431,1480,5B,5B
45300,1471,1578,5B,5B
45320,1429,1489,5B,5B
45320,1437,1563,5B,5B
45320,1443,1489,5B,5B
45340,1426,1428,5B,5B
45340,1428,1578,5B,5B
45340,1429,1489,5B,5B
45340,1434,1563,5B,5B
45340,1437,1563,5B,5B
45360,1426,1428,5B,5B
45360,1431,1480,5B,5B
45380,1429,1437,5B,5B
45380,1437,1489,5B,5B
45380,1471,1578,5B,5B
45400,1429,1437,5B,5B
45400,1431,1434,5B,5B
45400,1434,1563,5B,5B
45400,1471,1578,5B,5B
45420,1431,1480,5B,5B
45440,1431,1434,5B,5B
45440,1431,1480,5B,5B
45460,1429,1437,5B,5B
45460,1431,1480,5B,5B
45460,1431,1489,5B,5B
45460,1434,1480,5B,5B
45460,1437,1563,5B,5B
45460,1480,1489,5B,5B
45480,1431,1480,5B,5B
45480,1431,1489,5B,5B
45480,1434,1480,5B,5B
45480,1434,1489,5B,5B
45480,1480,1489,5B,5B
45500,1429,1578,5B,5B
45500,1431,1434,5B,5B
45500,1431,1480,5B,5B
45500,1434,1480,5B,5B
45500,1437,1578,5B,5B
45500,1480,1563,5B,5B
45500,1489,1563,5B,5B
45520,1431,1434,5B,5B
45520,1431,1480,5B,5B
45520,1434,1480,5B,5B
45520,1489,1563,5B,5B
45540,1426,1482,5B,5B
45540,1428,1563,5B,5B
45540,1429,1437,5B,5B
45540,1431,1480,5B,5B
45540,1431,1489,5B,5B
45540,1431,1563,5B,5B
45540,1480,1563,5B,5B
45540,1489,1563,5B,5B
45560,1431,1480,5B,5B
45560,1431,1489,5B,5B
45560,1431,1563,5B,5B
45560,1480,1489,5B,5B
45560,1480,1563,5B,5B
45560,1489,1563,5B,5B
45580,1426,1428,5B,5B
45580,1431,1480,5B,5B
45580,1431,1489,5B,5B
45580,1480,1489,5B,5B
45600,1426,1585,5B,5B
45600,1431,1434,5B,5B
45600,1431,1480,5B,5B
45600,1431,1482,5B,5B
45600,1480,1482,5B,5B
45600,1489,1563,5B,5B
45620,1431,1480,5B,5B
45620,1431,1482,5B,5B
45620,1480,1578,5B,5B
45620,1489,1563,5B,5B
45640,1431,1480,5B,5B
45640,1431,1578,5B,5B
45640,1480,1578,5B,5B
45640,1489,1563,5B,5B
45660,1431,1480,5B,5B
45660,1489,1563,5B,5B
45680,1428,1482,5B,5B
45680,1431,1480,5B,5B
45680,1434,1480,5B,5B
45680,1482,1585,5B,5B
45680,1489,1563,5B,5B
45680,1489,1578,5B,5B
45700,1431,1480,5B,5B
45700,1489,1563,5B,5B
45720,1429,1437,5B,5B
45720,1431,1480,5B,5B
45720,1482,1578,5B,5B
45720,1489,1563,5B,5B
45740,1429,1437,5B,5B
45740,1431,1480,5B,5B
45740,1482,1578,5B,5B
45740,1489,1563,5B,5B
45760,1431,1480,5B,5B
45760,1489,1563,5B,5B
45780,1431,1480,5B,5B
45780,1482,1578,5B,5B
45780,1489,1563,5B,5B
45800,1429,1437,5B,5B
45800,1431,1480,5B,5B
45800,1489,1563,5B,5B
45820,1489,1563,5B,5B
45860,1431,1482,5B,5B
45860,1489,1563,5B,5B
45880,1429,1563,5B,5B
45880,1431,1480,5B,5B
45880,1434,1578,5B,5B
45880,1489,1563,5B,5B
45900,1426,1429,5B,5B
45900,1426,1585,5B,5B
45900,1431,1480,5B,5B
45900,1471,1578,5B,5B
45900,1482,1578,5B,5B
45900,1489,1563,5B,5B
45920,1431,1480,5B,5B
45940,1431,1480,5B,5B
45940,1471,1482,5B,5B
45940,1471,1578,5B,5B
45940,1482,1578,5B,5B
45960,1431,1480,5B,5B
45960,1471,1482,5B,5B
45960,1482,1578,5B,5B
45960,1489,1563,5B,5B
45980,1431,1480,5B,5B
45980,1489,1563,5B,5B
46000,1429,1437,5B,5B
46000,1489,1563,5B,5B
46020,1431,1480,5B,5B
46020,1471,1578,5B,5B
46020,1489,1563,5B,5B
46040,1431,1480,5B,5B
46040,1489,1563,5B,5B
46060,1429,1437,5B,5B
46060,1431,1480,5B,5B
46060,1489,1563,5B,5B
46080,1431,1480,5B,5B
46080,1489,1563,5B,5B
46100,1431,1480,5B,5B
46120,1428,1578,5B,5B
46120,1431,1480,5B,5B
46120,1489,1563,5B,5B
46140,1428,1471,5B,5B
46140,1431,1480,5B,5B
46180,1428,1471,5B,5B
46180,1431,1480,5B,5B
46200,1489,1563,5B,5B
46220,1429,1437,5B,5B
46220,1431,1480,5B,5B
46220,1480,1482,5B,5B
46220,1489,1563,5B,5B
46240,1431,1480,5B,5B
46240,1489,1563,5B,5B
46280,1429,1563,5B,5B
46280,1431,1480,5B,5B
46280,1437,1489,5B,5B
46280,1437,1563,5B,5B
46280,1489,1563,5B,5B
46300,1429,1437,5B,5B
46300,1489,1563,5B,5B
46320,1429,1437,5B,5B
46320,1489,1563,5B,5B
46340,1429,1437,5B,5B
46340,1431,1480,5B,5B
46340,1489,1563,5B,5B
46360,1431,1480,5B,5B
46360,1489,1563,5B,5B
46380,1437,1563,5B,5B
46400,1426,1563,5B,5B
46400,1429,1489,5B,5B
46400,1431,1480,5B,5B
46400,1434,1578,5B,5B
46400,1437,1563,5B,5B
46420,1426,1437,5B,5B
46420,1429,1489,5B,5B
46420,1437,1563,5B,5B
46440,1429,1489,5B,5B
46440,1437,1563,5B,5B
46440,1482,1578,5B,5B
46460,1429,1489,5B,5B
46460,1431,1480,5B,5B
46460,1489,1563,5B,5B
46480,1426,1428,5B,5B
46480,1431,1480,5B,5B
46480,1489,1563,5B,5B
46500,1429,1437,5B,5B
46500,1431,1480,5B,5B
46500,1489,1563,5B,5B
46520,1426,1428,5B,5B
46520,1428,1471,5B,5B
46520,1429,1437,5B,5B
46520,1431,1480,5B,5B
46520,1471,1482,5B,5B
46520,1489,1563,5B,5B
46540,1426,1428,5B,5B
46540,1429,1437,5B,5B
46540,1431,1480,5B,5B
46540,1489,1563,5B,5B
46560,1429,1437,5B,5B
46560,1431,1480,5B,5B
46560,1489,1563,5B,5B
46580,1431,1480,5B,5B
46580,1489,1563,5B,5B
46600,1429,1437,5B,5B
46600,1431,1480,5B,5B
46600,1489,1563,5B,5B
46620,1429,1437,5B,5B
46620,1429,1563,5B,5B
46620,1431,1480,5B,5B
46620,1489,1563,5B,5B
46640,1429,1437,5B,5B
46640,1431,1480,5B,5B
46640,1480,1578,5B,5B
46660,1429,1437,5B,5B
46660,1431,1480,5B,5B
46660,1489,1563,5B,5B
46680,1429,1563,5B,5B
46680,1431,1480,5B,5B
46680,1489,1563,5B,5B
46700,1431,1480,5B,5B
46700,1471,1578,5B,5B
46700,1489,1563,5B,5B
46720,1429,1437,5B,5B
46720,1431,1480,5B,5B
46720,1489,1563,5B,5B
46740,1431,1480,5B,5B
46740,1489,1563,5B,5B
46760,1431,1480,5B,5B
46760,1471,1578,5B,5B
46760,1489,1563,5B,5B
46780,1431,1480,5B,5B
46780,1489,1563,5B,5B
46800,1431,1480,5B,5B
46800,1489,1563,5B,5B
46820,1431,1480,5B,5B
46820,1437,1489,5B,5B
46820,1437,1563,5B,5B
46840,1431,1480,5B,5B
46840,1437,1563,5B,5B
46860,1429,1489,5B,5B
46860,1431,1480,5B,5B
46860,1437,1563,5B,5B
46880,1431,1480,5B,5B
46900,1431,1480,5B,5B
46900,1437,1563,5B,5B
46920,1431,1480,5B,5B
46920,1480,1489,5B,5B
46940,1431,1480,5B,5B
46960,1431,1480,5B,5B
46960,1437,1563,5B,5B
46960,1471,1480,5B,5B
46960,1471,1578,5B,5B
46960,1480,1578,5B,5B
46980,1431,1480,5B,5B
47000,1471,1578,5B,5B
47040,1426,1482,5B,5B
47060,1471,1578,5B,5B
47080,1443,1578,5B,5B
47100,1471,1578,5B,5B
47140,1429,1489,5B,5B
47160,1437,1563,5B,5B
47180,1437,1563,5B,5B
47200,1429,1489,5B,5B
47200,1431,1480,5B,5B
47220,1429,1489,5B,5B
47220,1431,1480,5B,5B
47220,1437,1563,5B,5B
47220,1471,1578,5B,5B
47240,1426,1585,5B,5B
47240,1429,1489,5B,5B
47240,1431,1480,5B,5B
47240,1437,1563,5B,5B
47240,1480,1578,5B,5B
47260,1471,1578,5B,5B
47280,1437,1480,5B,5B
47280,1437,1563,5B,5B
47280,1482,1585,5B,5B
47300,1437,1471,5B,5B
47300,1437,1563,5B,5B
47320,1437,1563,5B,5B
47320,1482,1585,5B,5B
47340,1428,1471,5B,5B
47340,1428,1578,5B,5B
47340,1431,1439,5B,5B
47360,1482,1585,5B,5B
47400,1439,1480,5B,5B
47400,1482,1585,5B,5B
47420,1429,1489,5B,5B
47420,1482,1585,5B,5B
47480,1439,1443,5B,5B
47520,1428,1578,5B,5B
47540,1439,1443,5B,5B
47580,1439,1443,5B,5B
47600,1439,1443,5B,5B
47620,1428,1578,5B,5B
47620,1439,1480,5B,5B
47620,1482,1585,5B,5B
47640,1482,1585,5B,5B
47660,1439,1443,5B,5B
47680,1428,1578,5B,5B
47680,1439,1443,5B,5B
47680,1443,1480,5B,5B
47720,1428,1578,5B,5B
47740,1428,1471,5B,5B
47740,1428,1578,5B,5B
47740,1429,1489,5B,5B
47740,1471,1578,5B,5B
47740,1482,1585,5B,5B
47760,1428,1471,5B,5B
47820,1431,1439,5B,5B
47840,1428,1471,5B,5B
47840,1428,1578,5B,5B
47840,1431,1439,5B,5B
47840,1431,1480,5B,5B
47860,1471,1578,5B,5B
47880,1428,1578,5B,5B
47880,1471,1578,5B,5B
47900,1428,1578,5B,5B
47900,1471,1578,5B,5B
47920,1428,1578,5B,5B
47920,1482,1585,5B,5B
47940,1428,1578,5B,5B
47980,1471,1578,5B,5B
48040,1431,1480,5B,5B
48040,1443,1480,5B,5B
48060,1471,1578,5B,5B
48100,1443,1480,5B,5B
48200,1437,1563,5B,5B
48220,1429,1489,5B,5B
48220,1437,1563,5B,5B
48220,1439,1480,5B,5B
48220,1471,1578,5B,5B
48240,1429,1489,5B,5B
48240,1437,1563,5B,5B
48260,1437,1563,5B,5B
48280,1429,1489,5B,5B
48320,1429,1489,5B,5B
48320,1437,1563,5B,5B
48320,1471,1578,5B,5B
48340,1431,1480,5B,5B
48360,1429,1489,5B,5B
48360,1431,1439,5B,5B
48360,1431,1480,5B,5B
48380,1431,1439,5B,5B
48380,1431,1480,5B,5B
48380,1437,1563,5B,5B
48380,1439,1480,5B,5B
48380,1482,1585,5B,5B
48400,1431,1439,5B,5B
48400,1431,1480,5B,5B
48400,1439,1480,5B,5B
48420,1439,1480,5B,5B
48420,1471,1578,5B,5B
48440,1471,1578,5B,5B
48500,1429,1437,5B,5B
48520,1426,1482,5B,5B
48540,1437,1563,5B,5B
48560,1431,1480,5B,5B
48560,1471,1578,5B,5B
48580,1431,1439,5B,5B
48640,1437,1563,5B,5B
48680,1431,1439,5B,5B
48720,1429,1489,5B,5B
48720,1437,1563,5B,5B
48800,1429,1489,5B,5B
48840,1429,1489,5B,5B
48840,1431,1439,5B,5B
48860,1431,1439,5B,5B
48880,1429,1489,5B,5B
48880,1431,1439,5B,5B
48900,1429,1489,5B,5B
48900,1431,1439,5B,5B
48920,1429,1489,5B,5B
48920,1431,1439,5B,5B
48920,1437,1563,5B,5B
48940,1429,1489,5B,5B
48960,1429,1489,5B,5B
48980,1437,1563,5B,5B
49000,1429,1489,5B,5B
49000,1437,1563,5B,5B
49020,1429,1489,5B,5B
49020,1437,1563,5B,5B
49040,1437,1563,5B,5B
49060,1437,1563,5B,5B
49080,1429,1489,5B,5B
49080,1437,1563,5B,5B
49100,1437,1563,5B,5B
49120,1437,1563,5B,5B
49140,1431,1480,5B,5B
49140,1437,1563,5B,5B
49160,1431,1480,5B,5B
49200,1426,1482,5B,5B
49200,1429,1489,5B,5B
49220,1480,1578,5B,5B
49240,1431,1439,5B,5B
49240,1437,1563,5B,5B
49280,1429,1489,5B,5B
49280,1437,1563,5B,5B
49300,1429,1489,5B,5B
49300,1431,1439,5B,5B
49300,1471,1578,5B,5B
49320,1437,1563,5B,5B
49320,1471,1578,5B,5B
49340,1437,1563,5B,5B
49380,1429,1489,5B,5B
49400,1431,1439,5B,5B
49420,1429,1489,5B,5B
49440,1429,1489,5B,5B
49440,1431,1439,5B,5B
49440,1431,1480,5B,5B
49440,1439,1480,5B,5B
49460,1429,1489,5B,5B
49460,1439,1480,5B,5B
49480,1429,1489,5B,5B
49480,1431,1480,5B,5B
49500,1439,1480,5B,5B
49520,1429,1489,5B,5B
49540,1429,1489,5B,5B
49540,1431,1480,5B,5B
49540,1437,1563,5B,5B
49540,1439,1480,5B,5B
49560,1429,1489,5B,5B
49560,1437,1563,5B,5B
49560,1439,1480,5B,5B
49580,1429,1489,5B,5B
49580,1437,1563,5B,5B
49580,1482,1585,5B,5B
49600,1429,1489,5B,5B
49600,1482,1585,5B,5B
49640,1431,1439,5B,5B
49640,1437,1563,5B,5B
49720,1429,1489,5B,5B
49740,1429,1489,5B,5B
49780,1429,1489,5B,5B
49780,1431,1439,5B,5B
49800,1429,1489,5B,5B
49800,1439,1480,5B,5B
49840,1429,1489,5B,5B
49840,1431,1439,5B,5B
49940,1437,1563,5B,5B
49960,1431,1480,5B,5B
49960,1437,1563,5B,5B
49980,1429,1480,5B,5B
49980,1431,1480,5B,5B
50000,1437,1489,5B,5B
50000,1437,1563,5B,5B
50000,1489,1563,5B,5B
50020,1431,1434,5B,5B
50020,1437,1563,5B,5B
50020,1489,1563,5B,5B
50040,1437,1563,5B,5B
50060,1429,1471,5B,5B
50060,1437,1563,5B,5B
50080,1437,1563,5B,5B
50100,1437,1563,5B,5B
50120,1437,1563,5B,5B
50120,1471,1578,5B,5B
50140,1437,1563,5B,5B
50140,1437,1585,5B,5B
50140,1471,1578,5B,5B
50160,1426,1585,5B,5B
50160,1429,1578,5B,5B
50160,1437,1480,5B,5B
50160,1437,1563,5B,5B
50180,1426,1585,5B,5B
50180,1437,1563,5B,5B
50200,1426,1585,5B,5B
50200,1437,1563,5B,5B
50220,1429,1489,5B,5B
50220,1437,1563,5B,5B
50240,1429,1489,5B,5B
50240,1437,1563,5B,5B
50260,1429,1489,5B,5B
50260,1437,1563,5B,5B
50260,1482,1563,5B,5B
50280,1429,1489,5B,5B
50280,1437,1563,5B,5B
50300,1429,1489,5B,5B
50300,1437,1563,5B,5B
50300,1482,1563,5B,5B
50320,1429,1489,5B,5B
50320,1437,1563,5B,5B
50340,1426,1563,5B,5B
50340,1437,1563,5B,5B
50340,1482,1563,5B,5B
50360,1426,1585,5B,5B
50380,1429,1489,5B,5B
50380,1437,1563,5B,5B
50400,1429,1434,5B,5B
50400,1429,1489,5B,5B
50400,1434,1443,5B,5B
50400,1471,1578,5B,5B
50400,1482,1585,5B,5B
50420,1426,1429,5B,5B
50420,1429,1489,5B,5B
50420,1437,1489,5B,5B
50420,1437,1563,5B,5B
50420,1471,1578,5B,5B
50440,1429,1489,5B,5B
50440,1434,1443,5B,5B
50440,1437,1563,5B,5B
50460,1429,1489,5B,5B
50460,1434,1443,5B,5B
50460,1437,1563,5B,5B
50480,1429,1489,5B,5B
50480,1434,1443,5B,5B
50480,1437,1563,5B,5B
50500,1437,1563,5B,5B
50520,1429,1489,5B,5B
50520,1434,1443,5B,5B
50520,1437,1482,5B,5B
50520,1437,1563,5B,5B
50540,1426,1482,5B,5B
50540,1429,1489,5B,5B
50540,1434,1443,5B,5B
50540,1437,1563,5B,5B
50560,1429,1489,5B,5B
50560,1434,1443,5B,5B
50560,1437,1563,5B,5B
50580,1429,1489,5B,5B
50580,1434,1443,5B,5B
50580,1437,1563,5B,5B
50600,1426,1437,5B,5B
50600,1426,1482,5B,5B
50600,1429,1489,5B,5B
50600,1437,1563,5B,5B
50600,1482,1563,5B,5B
50620,1426,1482,5B,5B
50620,1429,1489,5B,5B
50620,1434,1443,5B,5B
50620,1437,1563,5B,5B
50620,1471,1578,5B,5B
50640,1429,1489,5B,5B
50640,1434,1443,5B,5B
50640,1437,1471,5B,5B
50640,1437,1563,5B,5B
50640,1471,1563,5B,5B
50640,1471,1578,5B,5B
50660,1426,1437,5B,5B
50660,1429,1489,5B,5B
50660,1434,1443,5B,5B
50660,1437,1563,5B,5B
50680,1426,1482,5B,5B
50680,1426,1563,5B,5B
50680,1429,1489,5B,5B
50680,1437,1563,5B,5B
50700,1429,1437,5B,5B
50700,1429,1489,5B,5B
50700,1429,1563,5B,5B
50700,1437,1563,5B,5B
50720,1429,1489,5B,5B
50720,1437,1489,5B,5B
50720,1437,1563,5B,5B
50720,1471,1480,5B,5B
50740,1429,1431,5B,5B
50740,1429,1439,5B,5B
50740,1429,1443,5B,5B
50740,1431,1489,5B,5B
50740,1434,1443,5B,5B
50740,1437,1471,5B,5B
50740,1437,1563,5B,5B
50740,1439,1489,5B,5B
50740,1443,1489,5B,5B
50740,1471,1563,5B,5B
50740,1480,1489,5B,5B
50760,1426,1480,5B,5B
50760,1429,1443,5B,5B
50760,1437,1563,5B,5B
50760,1439,1480,5B,5B
50780,1431,1489,5B,5B
50800,1437,1563,5B,5B
50820,1426,1437,5B,5B
50820,1426,1563,5B,5B
50820,1431,1480,5B,5B
50820,1437,1563,5B,5B
50820,1471,1480,5B,5B
50820,1471,1482,5B,5B
50840,1429,1431,5B,5B
50840,1429,1434,5B,5B
50840,1434,1585,5B,5B
50840,1437,1480,5B,5B
50840,1437,1563,5B,5B
50840,1439,1480,5B,5B
50860,1426,1585,5B,5B
50860,1431,1443,5B,5B
50860,1434,1437,5B,5B
50860,1437,1443,5B,5B
50860,1437,1480,5B,5B
50860,1437,1563,5B,5B
50880,1426,1585,5B,5B
50880,1431,1443,5B,5B
50880,1437,1480,5B,5B
50880,1437,1563,5B,5B
50880,1439,1480,5B,5B
50900,1429,1563,5B,5B
50900,1431,1443,5B,5B
50900,1437,1480,5B,5B
50900,1437,1563,5B,5B
50900,1439,1480,5B,5B
50900,1443,1480,5B,5B
50920,1429,1465,5B,5B
50920,1429,1480,5B,5B
50920,1437,1563,5B,5B
50920,1437,1578,5B,5B
50920,1443,1475,5B,5B
50920,1482,1592,5B,5B
50940,1429,1439,5B,5B
50940,1435,1437,5B,5B
50940,1437,1475,5B,5B
50940,1439,1480,5B,5B
50940,1443,1475,5B,5B
50960,1435,1578,5B,5B
50980,1435,1578,5B,5B
51020,1429,1480,5B,5B
51040,1426,1429,5B,5B
51060,1426,1429,5B,5B
51080,1426,1429,5B,5B
51100,1426,1429,5B,5B
51120,1426,1429,5B,5B
51140,1426,1429,5B,5B
51160,1426,1429,5B,5B
51180,1426,1429,5B,5B
51180,1486,1585,5B,5B
51200,1437,1563,5B,5B
51220,1437,1563,5B,5B
51300,1427,1429,5B,5B
51300,1427,1437,5B,5B
51300,1427,1475,5B,5B
51300,1427,1489,5B,5B
51300,1437,1443,5B,5B
51300,1437,1480,5B,5B
51300,1439,1486,5B,5B
51300,1480,1486,5B,5B
51320,1426,1471,5B,5B
51320,1426,1475,5B,5B
51320,1426,1585,5B,5B
51320,1439,1480,5B,5B
51320,1471,1489,5B,5B
51320,1475,1480,5B,5B
51320,1489,1585,5B,5B
51340,1429,1489,5B,5B
51340,1437,1563,5B,5B
51340,1439,1480,5B,5B
51340,1443,1585,5B,5B
51360,1426,1429,5B,5B
51360,1431,1434,5B,5B
51360,1431,1471,5B,5B
51360,1431,1482,5B,5B
51360,1431,1578,5B,5B
51360,1439,1480,5B,5B
51380,1426,1443,5B,5B
51380,1427,1465,5B,5B
51380,1429,1439,5B,5B
51380,1431,1437,5B,5B
51380,1431,1592,5B,5B
51380,1443,1475,5B,5B
51400,1426,1437,5B,5B
51400,1426,1443,5B,5B
51400,1429,1439,5B,5B
51400,1430,1482,5B,5B
51400,1435,1471,5B,5B
51400,1435,1578,5B,5B
51400,1437,1563,5B,5B
51400,1443,1563,5B,5B
51420,1426,1429,5B,5B
51420,1427,1443,5B,5B
51420,1429,1443,5B,5B
51420,1437,1563,5B,5B
51440,1437,1443,5B,5B
51440,1437,1563,5B,5B
51440,1443,1471,5B,5B
51460,1437,1563,5B,5B
51460,1443,1475,5B,5B
51480,1437,1563,5B,5B
51500,1437,1563,5B,5B
51540,1437,1563,5B,5B
51560,1437,1563,5B,5B
51560,1443,1475,5B,5B
51580,1437,1563,5B,5B
51600,1437,1563,5B,5B
51620,1437,1563,5B,5B
51640,1437,1563,5B,5B
51660,1437,1563,5B,5B
51680,1426,1429,5B,5B
51680,1437,1563,5B,5B
51720,1426,1429,5B,5B
51720,1437,1563,5B,5B
51740,1426,1429,5B,5B
51800,1426,1439,5B,5B
51800,1437,1563,5B,5B
51820,1426,1429,5B,5B
51820,1437,1563,5B,5B
51840,1437,1563,5B,5B
51860,1437,1563,5B,5B
51880,1437,1563,5B,5B
51900,1437,1563,5B,5B
51920,1437,1563,5B,5B
51940,1427,1486,5B,5B
51940,1437,1563,5B,5B
51960,1437,1486,5B,5B
51960,1437,1563,5B,5B
51980,1437,1563,5B,5B
52000,1437,1486,5B,5B
52000,1437,1563,5B,5B
52020,1437,1563,5B,5B
52040,1437,1563,5B,5B
52060,1437,1563,5B,5B
52080,1437,1563,5B,5B
52080,1439,1480,5B,5B
52080,1486,1585,5B,5B
52100,1437,1563,5B,5B
52100,1486,1585,5B,5B
52120,1427,1482,5B,5B
52120,1427,1578,5B,5B
52120,1437,1563,5B,5B
52120,1439,1480,5B,5B
52120,1482,1578,5B,5B
52140,1427,1475,5B,5B
52140,1475,1482,5B,5B
52140,1475,1578,5B,5B
52140,1482,1578,5B,5B
52160,1475,1578,5B,5B
52160,1482,1578,5B,5B
52180,1430,1431,5B,5B
52180,1430,1443,5B,5B
52180,1431,1578,5B,5B
52180,1437,1563,5B,5B
52180,1475,1482,5B,5B
52180,1475,1578,5B,5B
52180,1482,1578,5B,5B
52200,1430,1431,5B,5B
52200,1431,1434,5B,5B
52200,1437,1563,5B,5B
52200,1443,1482,5B,5B
52200,1475,1482,5B,5B
52220,1475,1482,5B,5B
52240,1427,1475,5B,5B
52240,1429,1480,5B,5B
52240,1430,1435,5B,5B
52240,1434,1578,5B,5B
52260,1431,1434,5B,5B
52260,1431,1475,5B,5B
52260,1437,1563,5B,5B
52260,1439,1480,5B,5B
52280,1427,1437,5B,5B
52280,1437,1563,5B,5B
52300,1427,1437,5B,5B
52300,1427,1563,5B,5B
52300,1427,1578,5B,5B
52300,1437,1563,5B,5B
52300,1482,1563,5B,5B
52320,1427,1431,5B,5B
52320,1427,1435,5B,5B
52320,1427,1563,5B,5B
52320,1431,1437,5B,5B
52320,1431,1563,5B,5B
52320,1434,1475,5B,5B
52320,1437,1563,5B,5B
52320,1439,1480,5B,5B
52320,1486,1585,5B,5B
52340,1434,1443,5B,5B
52340,1435,1578,5B,5B
52340,1437,1482,5B,5B
52340,1439,1480,5B,5B
52360,1426,1429,5B,5B
52360,1430,1482,5B,5B
52360,1431,1437,5B,5B
52360,1431,1443,5B,5B
52360,1437,1475,5B,5B
52360,1443,1475,5B,5B
52380,1426,1429,5B,5B
52380,1427,1430,5B,5B
52380,1427,1443,5B,5B
52380,1427,1475,5B,5B
52380,1430,1475,5B,5B
52380,1437,1563,5B,5B
52380,1443,1475,5B,5B
52400,1427,1430,5B,5B
52400,1437,1563,5B,5B
52400,1439,1443,5B,5B
52420,1427,1431,5B,5B
52420,1430,1443,5B,5B
52420,1475,1578,5B,5B
52440,1429,1480,5B,5B
52440,1437,1563,5B,5B
52460,1429,1480,5B,5B
52460,1437,1563,5B,5B
52480,1430,1443,5B,5B
52480,1437,1563,5B,5B
52500,1431,1439,5B,5B
52500,1439,1443,5B,5B
52520,1429,1578,5B,5B
52540,1429,1471,5B,5B
52540,1431,1434,5B,5B
52540,1443,1475,5B,5B
52560,1429,1475,5B,5B
52560,1429,1592,5B,5B
52560,1443,1475,5B,5B
52560,1471,1592,5B,5B
52560,1475,1592,5B,5B
52580,1429,1592,5B,5B
52580,1443,1578,5B,5B
52600,1482,1578,5B,5B
52640,1427,1431,5B,5B
52640,1431,1434,5B,5B
52660,1427,1431,5B,5B
52660,1429,1482,5B,5B
52660,1429,1592,5B,5B
52660,1443,1475,5B,5B
52660,1482,1592,5B,5B
52680,1429,1482,5B,5B
52680,1431,1578,5B,5B
52680,1482,1592,5B,5B
52700,1427,1431,5B,5B
52700,1429,1434,5B,5B
52700,1429,1482,5B,5B
52700,1475,1482,5B,5B
52700,1482,1592,5B,5B
52720,1426,1443,5B,5B
52720,1427,1431,5B,5B
52720,1475,1482,5B,5B
52720,1475,1592,5B,5B
52720,1482,1592,5B,5B
52740,1426,1443,5B,5B
52760,1429,1431,5B,5B
52760,1429,1482,5B,5B
52760,1482,1592,5B,5B
52780,1434,1465,5B,5B
52780,1465,1482,5B,5B
52820,1426,1427,5B,5B
52820,1427,1430,5B,5B
52840,1426,1427,5B,5B
52840,1439,1585,5B,5B
52860,1427,1441,5B,5B
52880,1480,1489,5B,5B
52900,1429,1482,5B,5B
52900,1437,1563,5B,5B
52920,1429,1482,5B,5B
52940,1431,1482,5B,5B
52960,1437,1563,5B,5B
52960,1482,1592,5B,5B
52980,1437,1563,5B,5B
53000,1429,1471,5B,5B
53000,1437,1563,5B,5B
53000,1482,1578,5B,5B
53020,1429,1471,5B,5B
53020,1429,1489,5B,5B
53020,1430,1482,5B,5B
53020,1437,1563,5B,5B
53040,1429,1489,5B,5B
53040,1430,1482,5B,5B
53040,1437,1563,5B,5B
53040,1486,1585,5B,5B
53060,1429,1489,5B,5B
53060,1434,1471,5B,5B
53060,1437,1563,5B,5B
53060,1471,1480,5B,5B
53080,1429,1489,5B,5B
53100,1426,1429,5B,5B
53100,1429,1578,5B,5B
53100,1431,1475,5B,5B
53100,1471,1480,5B,5B
53120,1429,1441,5B,5B
53120,1480,1489,5B,5B
53140,1426,1592,5B,5B
53140,1443,1475,5B,5B
53160,1429,1471,5B,5B
53160,1480,1489,5B,5B
53180,1426,1429,5B,5B
53180,1480,1489,5B,5B
53200,1435,1578,5B,5B
53200,1439,1578,5B,5B
53200,1480,1489,5B,5B
53220,1435,1578,5B,5B
53220,1475,1585,5B,5B
53220,1480,1489,5B,5B
53240,1435,1578,5B,5B
53240,1439,1486,5B,5B
53240,1439,1585,5B,5B
53240,1486,1585,5B,5B
53260,1435,1578,5B,5B
53260,1486,1585,5B,5B
53280,1480,1489,5B,5B
53400,1429,1439,5B,5B
53460,1435,1578,5B,5B
53540,1435,1578,5B,5B
53680,1427,1429,5B,5B
53880,1426,1429,5B,5B
53880,1429,1465,5B,5B
53880,1435,1578,5B,5B
53880,1439,1480,5B,5B
53920,1437,1563,5B,5B
53940,1437,1563,5B,5B
53960,1437,1563,5B,5B
53980,1437,1563,5B,5B
54000,1437,1563,5B,5B
54020,1427,1578,5B,5B
54040,1427,1437,5B,5B
54080,1437,1563,5B,5B
54100,1429,1439,5B,5B
54120,1429,1439,5B,5B
54120,1437,1563,5B,5B
54140,1429,1439,5B,5B
54140,1437,1563,5B,5B
54140,1486,1585,5B,5B
54160,1437,1563,5B,5B
54200,1427,1437,5B,5B
54200,1435,1578,5B,5B
54200,1437,1563,5B,5B
54220,1435,1578,5B,5B
54220,1437,1563,5B,5B
54240,1435,1578,5B,5B
54240,1437,1563,5B,5B
54260,1435,1578,5B,5B
54260,1437,1563,5B,5B
54280,1437,1563,5B,5B
54320,1437,1563,5B,5B
54340,1437,1563,5B,5B
54360,1437,1563,5B,5B
54380,1431,1434,5B,5B
54380,1435,1578,5B,5B
54380,1437,1563,5B,5B
54400,1431,1434,5B,5B
54400,1437,1563,5B,5B
54420,1431,1434,5B,5B
54420,1435,1578,5B,5B
54420,1437,1563,5B,5B
54440,1430,1482,5B,5B
54440,1435,1578,5B,5B
54440,1437,1563,5B,5B
54460,1430,1475,5B,5B
54460,1430,1482,5B,5B
54460,1437,1563,5B,5B
54480,1430,1475,5B,5B
54480,1430,1482,5B,5B
54480,1437,1563,5B,5B
54500,1430,1475,5B,5B
54500,1430,1482,5B,5B
54500,1437,1563,5B,5B
54520,1430,1475,5B,5B
54520,1430,1482,5B,5B
54520,1431,1434,5B,5B
54520,1437,1563,5B,5B
54520,1486,1585,5B,5B
54540,1430,1475,5B,5B
54540,1430,1482,5B,5B
54540,1437,1563,5B,5B
54560,1437,1563,5B,5B
54580,1426,1429,5B,5B
54580,1437,1563,5B,5B
54600,1437,1563,5B,5B
54600,1486,1585,5B,5B
54620,1427,1465,5B,5B
54620,1437,1563,5B,5B
54620,1486,1585,5B,5B
54680,1437,1563,5B,5B
54700,1437,1563,5B,5B
54720,1427,1465,5B,5B
54720,1437,1563,5B,5B
54740,1427,1465,5B,5B
54740,1437,1563,5B,5B
54760,1426,1427,5B,5B
54760,1427,1465,5B,5B
54780,1486,1585,5B,5B
54800,1439,1480,5B,5B
54800,1486,1585,5B,5B
54820,1486,1585,5B,5B
54840,1426,1429,5B,5B
54840,1480,1489,5B,5B
54840,1486,1585,5B,5B
54860,1426,1429,5B,5B
54860,1480,1489,5B,5B
54880,1426,1429,5B,5B
54900,1426,1429,5B,5B
54900,1429,1578,5B,5B
54920,1439,1480,5B,5B
54940,1439,1480,5B,5B
54960,1439,1480,5B,5B
54960,1443,1475,5B,5B
54960,1443,1578,5B,5B
54980,1443,1475,5B,5B
55000,1439,1480,5B,5B
55000,1443,1475,5B,5B
55000,1480,1489,5B,5B
55020,1443,1475,5B,5B
55040,1426,1429,5B,5B
55040,1443,1475,5B,5B
55060,1437,1563,5B,5B
55060,1443,1475,5B,5B
55080,1426,1429,5B,5B
55080,1439,1480,5B,5B
55100,1437,1563,5B,5B
55140,1437,1563,5B,5B
55160,1427,1429,5B,5B
55160,1437,1563,5B,5B
55180,1427,1429,5B,5B
55220,1426,1429,5B,5B
55300,1426,1429,5B,5B
55300,1439,1480,5B,5B
55300,1480,1489,5B,5B
55320,1426,1429,5B,5B
55320,1480,1489,5B,5B
55340,1426,1429,5B,5B
55360,1426,1429,5B,5B
55360,1427,1475,5B,5B
55360,1437,1563,5B,5B
55360,1439,1486,5B,5B
55380,1427,1475,5B,5B
55380,1430,1482,5B,5B
55380,1480,1489,5B,5B
55400,1427,1475,5B,5B
55420,1439,1443,5B,5B
55480,1426,1443,5B,5B
55480,1427,1443,5B,5B
55480,1439,1443,5B,5B
55500,1427,1439,5B,5B
55520,1427,1443,5B,5B
55520,1437,1563,5B,5B
55540,1427,1443,5B,5B
55540,1480,1489,5B,5B
55560,1427,1443,5B,5B
55600,1439,1443,5B,5B
55640,1430,1482,5B,5B
55720,1434,1578,5B,5B
55760,1437,1563,5B,5B
55780,1437,1563,5B,5B
55780,1471,1592,5B,5B
55820,1426,1429,5B,5B
55820,1434,1475,5B,5B
55820,1475,1489,5B,5B
55820,1475,1578,5B,5B
55840,1427,1429,5B,5B
55840,1434,1475,5B,5B
55840,1443,1475,5B,5B
55840,1475,1489,5B,5B
55860,1427,1429,5B,5B
55860,1434,1489,5B,5B
55880,1427,1429,5B,5B
55880,1443,1475,5B,5B
55900,1427,1429,5B,5B
55920,1426,1429,5B,5B
55920,1427,1429,5B,5B
55920,1434,1489,5B,5B
55940,1434,1475,5B,5B
55940,1437,1563,5B,5B
55960,1437,1563,5B,5B
56000,1427,1465,5B,5B
56020,1437,1563,5B,5B
56020,1443,1475,5B,5B
56040,1443,1475,5B,5B
56060,1443,1475,5B,5B
56080,1443,1475,5B,5B
56080,1480,1489,5B,5B
56100,1430,1482,5B,5B
56120,1437,1563,5B,5B
56120,1443,1475,5B,5B
56140,1437,1563,5B,5B
56140,1486,1585,5B,5B
56160,1429,1439,5B,5B
56160,1437,1563,5B,5B
56180,1437,1563,5B,5B
56200,1475,1482,5B,5B
56220,1427,1429,5B,5B
56220,1480,1489,5B,5B
56260,1429,1465,5B,5B
56260,1443,1489,5B,5B
56280,1429,1585,5B,5B
56280,1437,1563,5B,5B
56300,1426,1429,5B,5B
56340,1426,1429,5B,5B
56340,1429,1465,5B,5B
56340,1437,1563,5B,5B
56340,1480,1489,5B,5B
56360,1429,1465,5B,5B
56380,1429,1465,5B,5B
56380,1437,1563,5B,5B
56380,1486,1585,5B,5B
56400,1480,1489,5B,5B
56400,1486,1585,5B,5B
56420,1427,1465,5B,5B
56420,1443,1475,5B,5B
56420,1480,1489,5B,5B
56440,1439,1480,5B,5B
56460,1429,1465,5B,5B
56460,1429,1475,5B,5B
56460,1430,1482,5B,5B
56460,1431,1437,5B,5B
56460,1431,1471,5B,5B
56460,1437,1563,5B,5B
56460,1439,1480,5B,5B
56460,1443,1475,5B,5B
56460,1486,1585,5B,5B
56480,1427,1437,5B,5B
56480,1427,1563,5B,5B
56480,1429,1439,5B,5B
56480,1430,1435,5B,5B
56480,1435,1471,5B,5B
56480,1435,1592,5B,5B
56480,1437,1563,5B,5B
56480,1439,1480,5B,5B
56480,1441,1563,5B,5B
56480,1441,1578,5B,5B
56480,1471,1563,5B,5B
56480,1486,1585,5B,5B
56500,1426,1429,5B,5B
56500,1427,1429,5B,5B
56500,1427,1578,5B,5B
56500,1429,1471,5B,5B
56500,1429,1489,5B,5B
56500,1430,1437,5B,5B
56500,1430,1563,5B,5B
56500,1431,1434,5B,5B
56500,1431,1437,5B,5B
56500,1431,1489,5B,5B
56500,1435,1471,5B,5B
56500,1435,1489,5B,5B
56500,1471,1592,5B,5B
56500,1486,1563,5B,5B
56500,1486,1585,5B,5B
56520,1426,1439,5B,5B
56520,1426,1486,5B,5B
56520,1427,1578,5B,5B
56520,1429,1431,5B,5B
56520,1429,1489,5B,5B
56520,1431,1578,5B,5B
56520,1439,1486,5B,5B
56520,1480,1563,5B,5B
56520,1486,1585,5B,5B
56540,1431,1434,5B,5B
56540,1435,1578,5B,5B
56540,1437,1486,5B,5B
56540,1439,1486,5B,5B
56540,1443,1475,5B,5B
56540,1475,1489,5B,5B
56540,1486,1585,5B,5B
56560,1427,1429,5B,5B
56560,1427,1437,5B,5B
56560,1427,1465,5B,5B
56560,1429,1439,5B,5B
56560,1429,1465,5B,5B
56560,1435,1578,5B,5B
56560,1437,1563,5B,5B
56560,1439,1486,5B,5B
56560,1439,1585,5B,5B
56560,1443,1475,5B,5B
56560,1480,1489,5B,5B
56560,1486,1585,5B,5B
56580,1426,1427,5B,5B
56580,1426,1429,5B,5B
56580,1427,1429,5B,5B
56580,1427,1465,5B,5B
56580,1429,1465,5B,5B
56580,1437,1563,5B,5B
56580,1439,1480,5B,5B
56580,1439,1486,5B,5B
56580,1486,1585,5B,5B
56600,1426,1427,5B,5B
56600,1427,1431,5B,5B
56600,1427,1465,5B,5B
56600,1431,1592,5B,5B
56600,1435,1443,5B,5B
56600,1435,1578,5B,5B
56600,1437,1439,5B,5B
56600,1437,1563,5B,5B
56600,1439,1486,5B,5B
56600,1443,1475,5B,5B
56600,1471,1475,5B,5B
56600,1486,1585,5B,5B
56620,1427,1434,5B,5B
56620,1429,1431,5B,5B
56620,1429,1465,5B,5B
56620,1430,1435,5B,5B
56620,1430,1439,5B,5B
56620,1434,1443,5B,5B
56620,1435,1578,5B,5B
56620,1435,1592,5B,5B
56620,1437,1439,5B,5B
56620,1437,1563,5B,5B
56620,1578,1592,5B,5B
56640,1426,1431,5B,5B
56640,1426,1439,5B,5B
56640,1427,1429,5B,5B
56640,1427,1434,5B,5B
56640,1430,1439,5B,5B
56640,1431,1443,5B,5B
56640,1435,1471,5B,5B
56640,1435,1475,5B,5B
56640,1435,1592,5B,5B
56640,1437,1563,5B,5B
56640,1471,1486,5B,5B
56640,1486,1585,5B,5B
56640,1578,1592,5B,5B
56660,1426,1429,5B,5B
56660,1426,1439,5B,5B
56660,1429,1430,5B,5B
56660,1431,1437,5B,5B
56660,1431,1480,5B,5B
56660,1435,1471,5B,5B
56660,1435,1578,5B,5B
56660,1437,1480,5B,5B
56660,1471,1578,5B,5B
56660,1475,1585,5B,5B
56660,1475,1592,5B,5B
56660,1482,1585,5B,5B
56680,1475,1592,5B,5B
56680,1486,1578,5B,5B
56680,1486,1585,5B,5B
56700,1427,1578,5B,5B
56700,1429,1430,5B,5B
56700,1429,1578,5B,5B
56700,1430,1465,5B,5B
56700,1431,1437,5B,5B
56700,1431,1563,5B,5B
56700,1435,1437,5B,5B
56700,1435,1471,5B,5B
56700,1475,1592,5B,5B
56700,1486,1578,5B,5B
56720,1426,1439,5B,5B
56720,1426,1480,5B,5B
56720,1427,1437,5B,5B
56720,1427,1439,5B,5B
56720,1431,1443,5B,5B
56720,1431,1480,5B,5B
56720,1434,1471,5B,5B
56720,1435,1471,5B,5B
56720,1435,1482,5B,5B
56720,1435,1563,5B,5B
56720,1435,1585,5B,5B
56720,1437,1439,5B,5B
56720,1437,1563,5B,5B
56720,1439,1480,5B,5B
56720,1480,1585,5B,5B
56720,1486,1578,5B,5B
56740,1426,1480,5B,5B
56740,1429,1430,5B,5B
56740,1429,1465,5B,5B
56740,1431,1563,5B,5B
56740,1434,1435,5B,5B
56740,1435,1471,5B,5B
56740,1435,1482,5B,5B
56740,1437,1443,5B,5B
56740,1437,1563,5B,5B
56740,1443,1563,5B,5B
56740,1471,1482,5B,5B
56740,1475,1482,5B,5B
56740,1475,1592,5B,5B
56740,1480,1486,5B,5B
56740,1482,1585,5B,5B
56740,1486,1585,5B,5B
56760,1427,1439,5B,5B
56760,1429,1430,5B,5B
56760,1430,1443,5B,5B
56760,1431,1437,5B,5B
56760,1435,1471,5B,5B
56760,1435,1578,5B,5B
56760,1437,1443,5B,5B
56760,1437,1563,5B,5B
56760,1439,1480,5B,5B
56760,1443,1563,5B,5B
56760,1482,1486,5B,5B
56760,1482,1585,5B,5B
56780,1426,1429,5B,5B
56780,1426,1439,5B,5B
56780,1427,1434,5B,5B
56780,1427,1439,5B,5B
56780,1429,1465,5B,5B
56780,1431,1443,5B,5B
56780,1431,1563,5B,5B
56780,1435,1471,5B,5B
56780,1437,1563,5B,5B
56780,1439,1480,5B,5B
56780,1443,1563,5B,5B
56780,1482,1585,5B,5B
56800,1426,1429,5B,5B
56800,1426,1480,5B,5B
56800,1427,1431,5B,5B
56800,1427,1439,5B,5B
56800,1427,1480,5B,5B
56800,1429,1430,5B,5B
56800,1429,1437,5B,5B
56800,1429,1578,5B,5B
56800,1431,1437,5B,5B
56800,1431,1443,5B,5B
56800,1437,1563,5B,5B
56800,1439,1480,5B,5B
56800,1443,1480,5B,5B
56800,1443,1578,5B,5B
56820,1427,1480,5B,5B
56820,1427,1563,5B,5B
56820,1429,1465,5B,5B
56820,1429,1563,5B,5B
56820,1431,1443,5B,5B
56820,1435,1471,5B,5B
56820,1437,1563,5B,5B
56820,1439,1480,5B,5B
56820,1563,1578,5B,5B
56840,1426,1439,5B,5B
56840,1426,1480,5B,5B
56840,1435,1471,5B,5B
56880,1429,1465,5B,5B
56880,1429,1578,5B,5B
56880,1437,1486,5B,5B
56880,1482,1585,5B,5B
56880,1563,1592,5B,5B
56900,1427,1592,5B,5B
56900,1429,1431,5B,5B
56900,1429,1563,5B,5B
56900,1430,1480,5B,5B
56920,1427,1578,5B,5B
56920,1429,1431,5B,5B
56920,1435,1471,5B,5B
56920,1437,1563,5B,5B
56940,1427,1592,5B,5B
56940,1431,1482,5B,5B
56940,1431,1592,5B,5B
56940,1437,1563,5B,5B
56940,1486,1563,5B,5B
56940,1578,1592,5B,5B
56960,1427,1431,5B,5B
56960,1429,1437,5B,5B
56960,1429,1563,5B,5B
56960,1437,1563,5B,5B
56960,1443,1480,5B,5B
56960,1471,1592,5B,5B
56960,1486,1585,5B,5B
56980,1429,1437,5B,5B
56980,1429,1486,5B,5B
56980,1429,1563,5B,5B
56980,1434,1480,5B,5B
56980,1578,1585,5B,5B
57000,1427,1429,5B,5B
57000,1427,1431,5B,5B
57000,1427,1465,5B,5B
57000,1429,1431,5B,5B
57000,1429,1439,5B,5B
57000,1431,1578,5B,5B
57000,1434,1443,5B,5B
57000,1434,1475,5B,5B
57000,1434,1480,5B,5B
57000,1443,1475,5B,5B
57000,1471,1578,5B,5B
57000,1471,1592,5B,5B
57020,1427,1431,5B,5B
57020,1427,1441,5B,5B
57020,1427,1486,5B,5B
57020,1429,1431,5B,5B
57020,1429,1563,5B,5B
57020,1431,1465,5B,5B
57020,1434,1475,5B,5B
57020,1435,1486,5B,5B
57020,1435,1592,5B,5B
57020,1439,1471,5B,5B
57020,1439,1482,5B,5B
57020,1439,1578,5B,5B
57020,1439,1585,5B,5B
57020,1471,1585,5B,5B
57020,1475,1480,5B,5B
57020,1578,1592,5B,5B
57040,1429,1435,5B,5B
57040,1429,1439,5B,5B
57040,1429,1592,5B,5B
57040,1431,1465,5B,5B
57040,1434,1475,5B,5B
57040,1434,1480,5B,5B
57040,1435,1439,5B,5B
57040,1443,1475,5B,5B
57040,1465,1592,5B,5B
57040,1475,1480,5B,5B
57060,1427,1465,5B,5B
57060,1427,1563,5B,5B
57060,1429,1431,5B,5B
57060,1429,1437,5B,5B
57060,1431,1437,5B,5B
57060,1434,1443,5B,5B
57060,1434,1475,5B,5B
57060,1434,1480,5B,5B
57060,1437,1465,5B,5B
57060,1437,1563,5B,5B
57060,1439,1585,5B,5B
57060,1443,1475,5B,5B
57060,1443,1480,5B,5B
57060,1471,1482,5B,5B
57060,1475,1480,5B,5B
57060,1482,1578,5B,5B
57080,1434,1443,5B,5B
57080,1434,1475,5B,5B
57080,1434,1480,5B,5B
57080,1437,1465,5B,5B
57080,1437,1563,5B,5B
57080,1439,1585,5B,5B
57080,1443,1475,5B,5B
57080,1443,1480,5B,5B
57080,1471,1482,5B,5B
57080,1475,1480,5B,5B
57100,1427,1439,5B,5B
57100,1427,1465,5B,5B
57100,1427,1563,5B,5B
57100,1429,1437,5B,5B
57100,1434,1443,5B,5B
57100,1434,1475,5B,5B
57100,1434,1480,5B,5B
57100,1443,1475,5B,5B
57100,1443,1480,5B,5B
57100,1471,1482,5B,5B
57100,1471,1585,5B,5B
57100,1475,1480,5B,5B
57100,1482,1585,5B,5B
57120,1427,1431,5B,5B
57120,1429,1431,5B,5B
57120,1429,1437,5B,5B
57120,1429,1563,5B,5B
57120,1431,1563,5B,5B
57120,1434,1475,5B,5B
57120,1434,1480,5B,5B
57120,1435,1585,5B,5B
57120,1437,1439,5B,5B
57120,1437,1563,5B,5B
57120,1443,1475,5B,5B
57120,1443,1480,5B,5B
57120,1471,1482,5B,5B
57120,1475,1480,5B,5B
57140,1427,1431,5B,5B
57140,1427,1465,5B,5B
57140,1431,1437,5B,5B
57140,1431,1465,5B,5B
57140,1434,1443,5B,5B
57140,1435,1439,5B,5B
57140,1437,1465,5B,5B
57140,1437,1563,5B,5B
57140,1443,1475,5B,5B
57140,1471,1592,5B,5B
57160,1427,1431,5B,5B
57160,1427,1465,5B,5B
57160,1431,1437,5B,5B
57160,1431,1563,5B,5B
57160,1434,1475,5B,5B
57160,1434,1480,5B,5B
57160,1435,1578,5B,5B
57160,1437,1563,5B,5B
57160,1439,1592,5B,5B
57160,1443,1480,5B,5B
57160,1475,1480,5B,5B
57160,1486,1592,5B,5B
57180,1426,1430,5B,5B
57180,1427,1465,5B,5B
57180,1431,1465,5B,5B
57180,1434,1443,5B,5B
57180,1434,1480,5B,5B
57180,1437,1563,5B,5B
57180,1439,1578,5B,5B
57180,1441,1471,5B,5B
57180,1443,1475,5B,5B
57180,1465,1563,5B,5B
57180,1475,1480,5B,5B
57180,1482,1585,5B,5B
57180,1486,1585,5B,5B
57200,1427,1563,5B,5B
57200,1431,1437,5B,5B
57200,1434,1443,5B,5B
57200,1434,1475,5B,5B
57200,1435,1439,5B,5B
57200,1443,1475,5B,5B
57200,1471,1482,5B,5B
57220,1431,1563,5B,5B
57220,1434,1443,5B,5B
57220,1435,1439,5B,5B
57220,1443,1475,5B,5B
57220,1482,1585,5B,5B
57220,1486,1585,5B,5B
57240,1427,1431,5B,5B
57240,1427,1563,5B,5B
57240,1434,1443,5B,5B
57240,1434,1475,5B,5B
57240,1435,1437,5B,5B
57240,1435,1439,5B,5B
57240,1437,1482,5B,5B
57240,1439,1585,5B,5B
57240,1443,1475,5B,5B
57260,1427,1465,5B,5B
57260,1431,1563,5B,5B
57260,1434,1475,5B,5B
57260,1437,1486,5B,5B
57260,1437,1563,5B,5B
57260,1443,1475,5B,5B
57260,1475,1480,5B,5B
57260,1563,1592,5B,5B
57280,1427,1431,5B,5B
57280,1427,1465,5B,5B
57280,1427,1563,5B,5B
57280,1431,1439,5B,5B
57280,1431,1465,5B,5B
57280,1431,1563,5B,5B
57280,1434,1475,5B,5B
57280,1435,1486,5B,5B
57280,1435,1578,5B,5B
57280,1435,1585,5B,5B
57280,1443,1475,5B,5B
57280,1443,1480,5B,5B
57280,1465,1563,5B,5B
57280,1475,1480,5B,5B
57280,1486,1585,5B,5B
57300,1427,1437,5B,5B
57300,1431,1437,5B,5B
57300,1431,1563,5B,5B
57300,1434,1443,5B,5B
57300,1434,1475,5B,5B
57300,1434,1480,5B,5B
57300,1437,1563,5B,5B
57300,1439,1585,5B,5B
57300,1443,1480,5B,5B
57300,1475,1480,5B,5B
57300,1482,1578,5B,5B
57300,1486,1563,5B,5B
57300,1486,1585,5B,5B
57300,1578,1592,5B,5B
57320,1427,1439,5B,5B
57320,1427,1441,5B,5B
57320,1427,1563,5B,5B
57320,1434,1475,5B,5B
57320,1439,1471,5B,5B
57320,1439,1585,5B,5B
57320,1443,1475,5B,5B
57320,1443,1585,5B,5B
57340,1434,1475,5B,5B
57340,1437,1465,5B,5B
57340,1465,1578,5B,5B
57340,1465,1592,5B,5B
57360,1431,1437,5B,5B
57360,1434,1443,5B,5B
57360,1434,1475,5B,5B
57360,1434,1480,5B,5B
57360,1437,1465,5B,5B
57360,1443,1475,5B,5B
57360,1475,1480,5B,5B
57360,1482,1585,5B,5B
57380,1426,1437,5B,5B
57380,1434,1443,5B,5B
57380,1434,1475,5B,5B
57380,1434,1480,5B,5B
57380,1437,1486,5B,5B
57380,1443,1475,5B,5B
57380,1443,1480,5B,5B
57380,1465,1471,5B,5B
57380,1475,1480,5B,5B
57400,1426,1430,5B,5B
57400,1427,1431,5B,5B
57400,1434,1443,5B,5B
57400,1434,1475,5B,5B
57400,1434,1480,5B,5B
57400,1439,1482,5B,5B
57400,1439,1585,5B,5B
57400,1441,1482,5B,5B
57400,1443,1475,5B,5B
57400,1443,1480,5B,5B
57400,1465,1585,5B,5B
57400,1482,1578,5B,5B
57400,1578,1585,5B,5B
57420,1426,1430,5B,5B
57420,1434,1443,5B,5B
57420,1434,1475,5B,5B
57420,1434,1480,5B,5B
57420,1435,1578,5B,5B
57420,1443,1475,5B,5B
57420,1482,1585,5B,5B
57440,1427,1431,5B,5B
57440,1427,1578,5B,5B
57440,1435,1592,5B,5B
57440,1439,1465,5B,5B
57440,1443,1475,5B,5B
57440,1443,1480,5B,5B
57440,1475,1480,5B,5B
57440,1486,1578,5B,5B
57440,1563,1578,5B,5B
57460,1434,1443,5B,5B
57460,1439,1563,5B,5B
57460,1443,1475,5B,5B
57460,1475,1480,5B,5B
57460,1486,1578,5B,5B
57480,1427,1592,5B,5B
57480,1431,1592,5B,5B
57480,1434,1443,5B,5B
57480,1434,1475,5B,5B
57480,1434,1480,5B,5B
57480,1435,1486,5B,5B
57480,1437,1563,5B,5B
57480,1486,1578,5B,5B
57500,1427,1563,5B,5B
57500,1427,1585,5B,5B
57500,1427,1592,5B,5B
57500,1431,1585,5B,5B
57500,1434,1443,5B,5B
57500,1434,1475,5B,5B
57500,1465,1578,5B,5B
57500,1482,1585,5B,5B
57520,1434,1443,5B,5B
57520,1434,1480,5B,5B
57520,1437,1471,5B,5B
57540,1434,1443,5B,5B
57540,1435,1592,5B,5B
57540,1439,1471,5B,5B
57560,1427,1465,5B,5B
57560,1435,1563,5B,5B
57560,1437,1471,5B,5B
57560,1437,1563,5B,5B
57560,1437,1578,5B,5B
57560,1471,1578,5B,5B
57560,1471,1592,5B,5B
57560,1475,1480,5B,5B
57580,1434,1475,5B,5B
57580,1434,1480,5B,5B
57580,1437,1563,5B,5B
57580,1482,1486,5B,5B
57580,1482,1578,5B,5B
57600,1427,1431,5B,5B
57600,1431,1465,5B,5B
57600,1431,1563,5B,5B
57600,1434,1443,5B,5B
57600,1435,1482,5B,5B
57600,1435,1585,5B,5B
57600,1471,1482,5B,5B
57600,1471,1585,5B,5B
57600,1482,1585,5B,5B
57600,1486,1592,5B,5B
57620,1427,1482,5B,5B
57620,1435,1471,5B,5B
57620,1435,1482,5B,5B
57620,1437,1563,5B,5B
57620,1437,1585,5B,5B
57620,1443,1475,5B,5B
57620,1482,1585,5B,5B
57640,1427,1585,5B,5B
57640,1429,1431,5B,5B
57640,1435,1471,5B,5B
57640,1471,1585,5B,5B
57640,1475,1480,5B,5B
57660,1427,1429,5B,5B
57660,1431,1471,5B,5B
57660,1435,1439,5B,5B
57660,1435,1471,5B,5B
57660,1435,1585,5B,5B
57660,1437,1465,5B,5B
57660,1439,1585,5B,5B
57660,1471,1585,5B,5B
57660,1475,1480,5B,5B
57660,1486,1578,5B,5B
57660,1578,1592,5B,5B
57680,1434,1489,5B,5B
57680,1435,1471,5B,5B
57680,1435,1585,5B,5B
57680,1443,1475,5B,5B
57680,1443,1480,5B,5B
57680,1475,1480,5B,5B
57700,1427,1482,5B,5B
57700,1435,1471,5B,5B
57700,1443,1475,5B,5B
57700,1443,1480,5B,5B
57700,1475,1480,5B,5B
57720,1429,1437,5B,5B
57720,1431,1437,5B,5B
57720,1431,1563,5B,5B
57720,1435,1471,5B,5B
57720,1437,1563,5B,5B
57720,1443,1475,5B,5B
57720,1443,1480,5B,5B
57720,1475,1480,5B,5B
57720,1482,1592,5B,5B
57740,1435,1471,5B,5B
57740,1437,1563,5B,5B
57740,1441,1486,5B,5B
57740,1443,1475,5B,5B
57740,1475,1480,5B,5B
57760,1429,1431,5B,5B
57760,1429,1437,5B,5B
57760,1429,1471,5B,5B
57760,1429,1585,5B,5B
57760,1434,1480,5B,5B
57760,1435,1578,5B,5B
57760,1437,1563,5B,5B
57760,1475,1480,5B,5B
57760,1486,1585,5B,5B
57780,1426,1430,5B,5B
57780,1427,1439,5B,5B
57780,1429,1437,5B,5B
57780,1429,1585,5B,5B
57780,1431,1465,5B,5B
57780,1434,1475,5B,5B
57780,1434,1480,5B,5B
57780,1435,1471,5B,5B
57780,1443,1475,5B,5B
57780,1443,1480,5B,5B
57780,1471,1585,5B,5B
57780,1475,1480,5B,5B
57800,1426,1430,5B,5B
57800,1427,1437,5B,5B
57800,1427,1578,5B,5B
57800,1427,1585,5B,5B
57800,1427,1592,5B,5B
57800,1429,1431,5B,5B
57800,1429,1471,5B,5B
57800,1434,1475,5B,5B
57800,1434,1480,5B,5B
57800,1437,1585,5B,5B
57800,1443,1475,5B,5B
57800,1443,1480,5B,5B
57800,1475,1480,5B,5B
57820,1429,1437,5B,5B
57820,1429,1563,5B,5B
57820,1431,1435,5B,5B
57820,1431,1471,5B,5B
57820,1434,1475,5B,5B
57820,1435,1471,5B,5B
57820,1435,1482,5B,5B
57820,1437,1465,5B,5B
57820,1437,1563,5B,5B
57820,1471,1482,5B,5B
57820,1475,1480,5B,5B
57820,1578,1585,5B,5B
57820,1578,1592,5B,5B
57840,1427,1429,5B,5B
57840,1429,1465,5B,5B
57840,1435,1439,5B,5B
57840,1435,1471,5B,5B
57840,1435,1482,5B,5B
57840,1439,1578,5B,5B
57840,1443,1480,5B,5B
57840,1471,1482,5B,5B
57840,1471,1592,5B,5B
57840,1475,1480,5B,5B
57840,1482,1578,5B,5B
57840,1482,1592,5B,5B
57840,1563,1578,5B,5B
57860,1427,1429,5B,5B
57860,1434,1475,5B,5B
57860,1434,1480,5B,5B
57860,1465,1563,5B,5B
57860,1471,1482,5B,5B
57860,1471,1563,5B,5B
57880,1434,1475,5B,5B
57880,1434,1480,5B,5B
57880,1439,1585,5B,5B
57880,1443,1475,5B,5B
57880,1443,1480,5B,5B
57880,1475,1480,5B,5B
57900,1434,1443,5B,5B
57900,1434,1480,5B,5B
57900,1435,1578,5B,5B
57900,1437,1585,5B,5B
57900,1439,1585,5B,5B
57900,1439,1592,5B,5B
57900,1443,1475,5B,5B
57900,1443,1480,5B,5B
57920,1427,1431,5B,5B
57920,1427,1434,5B,5B
57920,1427,1585,5B,5B
57920,1429,1465,5B,5B
57920,1434,1475,5B,5B
57920,1435,1578,5B,5B
57920,1437,1471,5B,5B
57920,1437,1563,5B,5B
57920,1439,1475,5B,5B
57920,1439,1480,5B,5B
57920,1443,1475,5B,5B
57920,1443,1480,5B,5B
57920,1443,1486,5B,5B
57920,1471,1482,5B,5B
57920,1471,1592,5B,5B
57920,1475,1578,5B,5B
57920,1482,1592,5B,5B
57940,1427,1429,5B,5B
57940,1427,1431,5B,5B
57940,1427,1434,5B,5B
57940,1431,1434,5B,5B
57940,1435,1578,5B,5B
57940,1435,1585,5B,5B
57940,1437,1471,5B,5B
57940,1437,1563,5B,5B
57940,1439,1480,5B,5B
57940,1439,1486,5B,5B
57940,1443,1486,5B,5B
57940,1471,1563,5B,5B
57940,1471,1592,5B,5B
57940,1480,1563,5B,5B
57960,1427,1465,5B,5B
57960,1431,1434,5B,5B
57960,1431,1443,5B,5B
57960,1431,1465,5B,5B
57960,1434,1443,5B,5B
57960,1435,1482,5B,5B
57960,1437,1563,5B,5B
57960,1439,1486,5B,5B
57960,1471,1480,5B,5B
57960,1471,1486,5B,5B
57960,1471,1578,5B,5B
57960,1471,1592,5B,5B
57960,1480,1486,5B,5B
57960,1480,1563,5B,5B
57960,1482,1578,5B,5B
57960,1578,1592,5B,5B
57980,1427,1429,5B,5B
57980,1429,1431,5B,5B
57980,1431,1434,5B,5B
57980,1431,1443,5B,5B
57980,1434,1443,5B,5B
57980,1435,1475,5B,5B
57980,1435,1578,5B,5B
57980,1437,1563,5B,5B
57980,1439,1480,5B,5B
57980,1475,1578,5B,5B
57980,1482,1563,5B,5B
57980,1578,1592,5B,5B
58000,1427,1429,5B,5B
58000,1429,1434,5B,5B
58000,1429,1443,5B,5B
58000,1434,1443,5B,5B
58000,1435,1578,5B,5B
58000,1435,1592,5B,5B
58000,1437,1482,5B,5B
58000,1437,1563,5B,5B
58000,1471,1578,5B,5B
58000,1471,1592,5B,5B
58000,1482,1563,5B,5B
58020,1427,1429,5B,5B
58020,1427,1431,5B,5B
58020,1427,1434,5B,5B
58020,1427,1443,5B,5B
58020,1429,1437,5B,5B
58020,1429,1563,5B,5B
58020,1430,1431,5B,5B
58020,1430,1435,5B,5B
58020,1430,1578,5B,5B
58020,1431,1482,5B,5B
58020,1434,1443,5B,5B
58020,1435,1471,5B,5B
58020,1435,1578,5B,5B
58020,1435,1592,5B,5B
58020,1439,1480,5B,5B
58020,1441,1486,5B,5B
58020,1471,1578,5B,5B
58020,1471,1592,5B,5B
58040,1427,1429,5B,5B
58040,1427,1482,5B,5B
58040,1429,1437,5B,5B
58040,1429,1482,5B,5B
58040,1430,1443,5B,5B
58040,1435,1471,5B,5B
58040,1435,1578,5B,5B
58040,1435,1592,5B,5B
58040,1439,1480,5B,5B
58040,1471,1578,5B,5B
58040,1482,1563,5B,5B
58120,1426,1435,5B,5B
58120,1427,1431,5B,5B
58120,1475,1486,5B,5B
58140,1426,1592,5B,5B
58140,1427,1429,5B,5B
58140,1435,1471,5B,5B
58140,1435,1563,5B,5B
58140,1437,1482,5B,5B
58140,1439,1480,5B,5B
58140,1439,1486,5B,5B
58140,1475,1486,5B,5B
58140,1480,1486,5B,5B
58140,1480,1563,5B,5B
58140,1482,1563,5B,5B
58140,1482,1585,5B,5B
58160,1426,1585,5B,5B
58160,1427,1429,5B,5B
58160,1429,1431,5B,5B
58160,1430,1443,5B,5B
58160,1434,1443,5B,5B
58160,1435,1471,5B,5B
58160,1437,1563,5B,5B
58160,1439,1486,5B,5B
58160,1482,1585,5B,5B
58160,1486,1592,5B,5B
58180,1426,1437,5B,5B
58180,1426,1482,5B,5B
58180,1426,1585,5B,5B
58180,1427,1429,5B,5B
58180,1427,1443,5B,5B
58180,1429,1443,5B,5B
58180,1429,1465,5B,5B
58180,1430,1471,5B,5B
58180,1435,1471,5B,5B
58180,1437,1443,5B,5B
58180,1437,1482,5B,5B
58180,1439,1486,5B,5B
58180,1443,1465,5B,5B
58180,1475,1592,5B,5B
58180,1482,1585,5B,5B
58200,1429,1431,5B,5B
58200,1430,1435,5B,5B
58200,1431,1465,5B,5B
58200,1435,1482,5B,5B
58200,1437,1585,5B,5B
58200,1443,1465,5B,5B
58200,1482,1585,5B,5B
58220,1426,1471,5B,5B
58220,1426,1482,5B,5B
58220,1426,1585,5B,5B
58220,1427,1434,5B,5B
58220,1429,1431,5B,5B
58220,1434,1489,5B,5B
58220,1435,1471,5B,5B
58220,1437,1563,5B,5B
58220,1480,1585,5B,5B
58220,1482,1563,5B,5B
58220,1482,1585,5B,5B
58240,1426,1435,5B,5B
58240,1426,1585,5B,5B
58240,1429,1489,5B,5B
58240,1430,1435,5B,5B
58240,1431,1435,5B,5B
58240,1431,1465,5B,5B
58240,1431,1471,5B,5B
58240,1434,1592,5B,5B
58240,1435,1471,5B,5B
58240,1437,1585,5B,5B
58240,1439,1480,5B,5B
58240,1439,1563,5B,5B
58240,1439,1578,5B,5B
58240,1471,1585,5B,5B
58240,1480,1489,5B,5B
58240,1482,1585,5B,5B
58260,1426,1430,5B,5B
58260,1426,1437,5B,5B
58260,1429,1475,5B,5B
58260,1434,1475,5B,5B
58260,1437,1585,5B,5B
58260,1482,1592,5B,5B
58260,1578,1592,5B,5B
58280,1431,1475,5B,5B
58280,1434,1563,5B,5B
58280,1437,1486,5B,5B
58280,1437,1489,5B,5B
58280,1439,1489,5B,5B
58280,1439,1578,5B,5B
58280,1486,1585,5B,5B
58320,1434,1563,5B,5B
58320,1471,1585,5B,5B
58340,1429,1430,5B,5B
58340,1429,1437,5B,5B
58340,1429,1563,5B,5B
58340,1431,1443,5B,5B
58340,1431,1480,5B,5B
58340,1437,1563,5B,5B
58340,1439,1443,5B,5B
58340,1439,1480,5B,5B
58340,1486,1489,5B,5B
58340,1486,1585,5B,5B
58360,1431,1434,5B,5B
58360,1431,1439,5B,5B
58360,1437,1563,5B,5B
58360,1439,1480,5B,5B
58360,1439,1489,5B,5B
58360,1480,1489,5B,5B
58380,1426,1443,5B,5B
58380,1443,1475,5B,5B
58380,1443,1480,5B,5B
58380,1486,1585,5B,5B
58600,1486,1585,5B,5B
58940,1437,1563,5B,5B
59080,1486,1585,5B,5B
59200,1429,1439,5B,5B
59260,1429,1439,5B,5B
59280,1429,1439,5B,5B
59300,1429,1439,5B,5B
59320,1429,1439,5B,5B
59340,1435,1578,5B,5B
59360,1429,1439,5B,5B
59380,1429,1439,5B,5B
59380,1431,1434,5B,5B
59420,1429,1439,5B,5B
59460,1443,1475,5B,5B
59460,1489,1578,5B,5B
59480,1426,1435,5B,5B
59480,1426,1578,5B,5B
59480,1435,1578,5B,5B
59480,1437,1563,5B,5B
59480,1443,1475,5B,5B
59480,1475,1563,5B,5B
59500,1435,1578,5B,5B
59500,1443,1475,5B,5B
59520,1437,1563,5B,5B
59560,1435,1578,5B,5B
59560,1437,1563,5B,5B
59580,1427,1465,5B,5B
59580,1435,1578,5B,5B
59580,1437,1563,5B,5B
59600,1435,1578,5B,5B
59660,1437,1563,5B,5B
59680,1429,1443,5B,5B
59680,1429,1471,5B,5B
59680,1429,1475,5B,5B
59680,1430,1475,5B,5B
59680,1430,1489,5B,5B
59680,1430,1585,5B,5B
59680,1437,1578,5B,5B
59680,1439,1480,5B,5B
59680,1439,1585,5B,5B
59680,1443,1471,5B,5B
59680,1443,1592,5B,5B
59680,1471,1578,5B,5B
59680,1471,1592,5B,5B
59680,1480,1585,5B,5B
59700,1429,1489,5B,5B
59700,1435,1578,5B,5B
59700,1471,1480,5B,5B
59720,1439,1585,5B,5B
59740,1429,1439,5B,5B
59740,1471,1592,5B,5B
59760,1427,1563,5B,5B
59800,1427,1465,5B,5B
59800,1439,1480,5B,5B
59800,1480,1563,5B,5B
59820,1480,1563,5B,5B
59840,1427,1465,5B,5B
59840,1429,1585,5B,5B
59840,1489,1585,5B,5B
59880,1439,1486,5B,5B
59900,1430,1434,5B,5B
59920,1437,1563,5B,5B
59980,1430,1482,5B,5B
60000,1430,1431,5B,5B
60000,1437,1563,5B,5B
60020,1427,1429,5B,5B
60020,1430,1431,5B,5B
60020,1437,1563,5B,5B
60040,1430,1431,5B,5B
60040,1437,1563,5B,5B
60060,1426,1431,5B,5B
60060,1430,1431,5B,5B
60100,1437,1563,5B,5B
60120,1437,1563,5B,5B
60140,1431,1434,5B,5B
60140,1437,1563,5B,5B
60160,1437,1563,5B,5B
60180,1437,1563,5B,5B
60200,1437,1563,5B,5B
60220,1437,1563,5B,5B
60240,1437,1563,5B,5B
60240,1486,1585,5B,5B
60260,1437,1563,5B,5B
60280,1437,1563,5B,5B
60280,1486,1585,5B,5B
60300,1437,1563,5B,5B
60320,1437,1563,5B,5B
60320,1563,1585,5B,5B
60340,1437,1585,5B,5B
60340,1563,1585,5B,5B
60360,1426,1465,5B,5B
60360,1437,1489,5B,5B
60360,1439,1585,5B,5B
60360,1486,1585,5B,5B
60380,1437,1489,5B,5B
60380,1439,1486,5B,5B
60400,1486,1585,5B,5B
60440,1427,1431,5B,5B
60440,1437,1489,5B,5B
60440,1486,1585,5B,5B
60440,1578,1585,5B,5B
60460,1437,1489,5B,5B
60460,1437,1585,5B,5B
60460,1486,1489,5B,5B
60460,1489,1585,5B,5B
60500,1431,1563,5B,5B
60540,1431,1563,5B,5B
60560,1475,1563,5B,5B
60560,1489,1563,5B,5B
60580,1431,1434,5B,5B
60600,1486,1585,5B,5B
60660,1489,1563,5B,5B
60680,1426,1427,5B,5B
60720,1489,1563,5B,5B
60740,1489,1563,5B,5B
60780,1563,1578,5B,5B
60800,1563,1578,5B,5B
60820,1563,1578,5B,5B
60860,1431,1578,5B,5B
60880,1431,1471,5B,5B
60880,1431,1578,5B,5B
60880,1471,1578,5B,5B
60900,1437,1563,5B,5B
60920,1429,1437,5B,5B
60920,1563,1578,5B,5B
60940,1437,1563,5B,5B
60960,1437,1563,5B,5B
60980,1431,1435,5B,5B
60980,1431,1563,5B,5B
60980,1437,1563,5B,5B
61000,1437,1563,5B,5B
61000,1439,1585,5B,5B
61020,1431,1437,5B,5B
61020,1431,1563,5B,5B
61020,1437,1563,5B,5B
61040,1426,1429,5B,5B
61040,1431,1437,5B,5B
61040,1431,1563,5B,5B
61040,1437,1563,5B,5B
61060,1426,1471,5B,5B
61060,1426,1475,5B,5B
61060,1427,1429,5B,5B
61060,1435,1471,5B,5B
61060,1435,1578,5B,5B
61060,1437,1563,5B,5B
61060,1471,1578,5B,5B
61060,1563,1578,5B,5B
61080,1426,1427,5B,5B
61080,1426,1429,5B,5B
61080,1427,1429,5B,5B
61080,1427,1465,5B,5B
61080,1435,1471,5B,5B
61080,1435,1578,5B,5B
61080,1437,1563,5B,5B
61080,1471,1578,5B,5B
61100,1426,1427,5B,5B
61100,1426,1429,5B,5B
61100,1435,1578,5B,5B
61120,1426,1429,5B,5B
61120,1427,1563,5B,5B
61120,1430,1431,5B,5B
61120,1430,1578,5B,5B
61120,1435,1578,5B,5B
61120,1439,1480,5B,5B
61140,1426,1429,5B,5B
61140,1426,1592,5B,5B
61140,1434,1563,5B,5B
61140,1435,1578,5B,5B
61140,1437,1439,5B,5B
61140,1437,1486,5B,5B
61140,1437,1585,5B,5B
61140,1439,1480,5B,5B
61140,1439,1585,5B,5B
61140,1471,1592,5B,5B
61140,1486,1585,5B,5B
61160,1426,1427,5B,5B
61160,1427,1429,5B,5B
61160,1430,1431,5B,5B
61160,1430,1471,5B,5B
61160,1434,1585,5B,5B
61160,1434,1592,5B,5B
61160,1435,1578,5B,5B
61160,1437,1563,5B,5B
61160,1437,1585,5B,5B
61160,1563,1585,5B,5B
61180,1426,1435,5B,5B
61180,1426,1475,5B,5B
61180,1427,1465,5B,5B
61180,1437,1563,5B,5B
61180,1439,1480,5B,5B
61180,1578,1592,5B,5B
61200,1426,1578,5B,5B
61200,1427,1465,5B,5B
61200,1429,1475,5B,5B
61200,1431,1578,5B,5B
61200,1437,1563,5B,5B
61200,1439,1480,5B,5B
61200,1563,1578,5B,5B
61220,1427,1465,5B,5B
61220,1439,1480,5B,5B
61220,1439,1585,5B,5B
61220,1443,1475,5B,5B
61240,1427,1465,5B,5B
61240,1439,1480,5B,5B
61260,1427,1465,5B,5B
61280,1427,1465,5B,5B
61280,1439,1480,5B,5B
61300,1439,1480,5B,5B
61320,1426,1427,5B,5B
61320,1427,1465,5B,5B
61320,1439,1480,5B,5B
61340,1426,1427,5B,5B
61340,1427,1465,5B,5B
61360,1427,1465,5B,5B
61360,1429,1439,5B,5B
61360,1439,1480,5B,5B
61360,1486,1585,5B,5B
61380,1427,1465,5B,5B
61380,1429,1465,5B,5B
61380,1431,1434,5B,5B
61380,1486,1585,5B,5B
61400,1427,1465,5B,5B
61420,1439,1480,5B,5B
61440,1431,1465,5B,5B
61440,1439,1480,5B,5B
61460,1439,1480,5B,5B
61480,1426,1471,5B,5B
61480,1482,1592,5B,5B
61500,1427,1465,5B,5B
61500,1431,1434,5B,5B
61520,1427,1465,5B,5B
61520,1435,1578,5B,5B
61540,1427,1465,5B,5B
61660,1431,1434,5B,5B
62080,1431,1434,5B,5B
62200,1431,1434,5B,5B
62280,1431,1434,5B,5B
