31280,1503,1545,4A,4A
31320,1503,1539,4A,4A
31340,1503,1539,4A,4A
31360,1503,1539,4A,4A
31400,1503,1539,4A,4A
31440,1503,1539,4A,4A
31460,1503,1545,4A,4A
31520,1503,1539,4A,4A
31720,1500,1539,4A,4A
31740,1545,1548,4A,4A
31740,1545,1549,4A,4A
31740,1545,1815,4A,4A
31740,1548,1549,4A,4A
31740,1548,1815,4A,4A
31780,1500,1705,4A,4A
31780,1503,1524,4A,4A
31800,1539,1705,4A,4A
31800,1539,1837,4A,4A
31800,1705,1837,4A,4A
31820,1532,1549,4A,4A
31820,1532,1815,4A,4A
31820,1539,1705,4A,4A
31820,1539,1837,4A,4A
31840,1532,1815,4A,4A
31840,1545,1837,4A,4A
31880,1525,1548,4A,4A
31880,1533,1549,4A,4A
31880,1545,1837,4A,4A
31900,1525,1548,4A,4A
31900,1545,1837,4A,4A
31920,1504,1815,4A,4A
31940,1504,1815,4A,4A
31960,1504,1815,4A,4A
31980,1504,1546,4A,4A
31980,1504,1815,4A,4A
31980,1545,1837,4A,4A
32000,1504,1815,4A,4A
32000,1545,1837,4A,4A
32020,1504,1815,4A,4A
32020,1546,1815,4A,4A
32040,1504,1837,4A,4A
32040,1548,1705,4A,4A
32060,1525,1545,4A,4A
32060,1545,1705,4A,4A
32060,1548,1705,4A,4A
32080,1532,1538,4A,4A
32080,1545,1705,4A,4A
32120,1500,1539,4A,4A
32120,1503,1524,4A,4A
32120,1525,1815,4A,4A
32140,1504,1548,4A,4A
32160,1545,1837,4A,4A
32240,1545,1837,4A,4A
32260,1525,1546,4A,4A
32260,1538,1815,4A,4A
32280,1525,1533,4A,4A
32280,1525,1546,4A,4A
32280,1525,1815,4A,4A
32280,1545,1837,4A,4A
32300,1538,1548,4A,4A
32300,1545,1837,4A,4A
32300,1546,1548,4A,4A
32320,1504,1797,4A,4A
32380,1504,1525,4A,4A
32400,1504,1533,4A,4A
32400,1504,1539,4A,4A
32400,1525,1546,4A,4A
32460,1503,1524,4A,4A
32500,1538,1539,4A,4A
32540,1500,1533,4A,4A
32540,1504,1815,4A,4A
32540,1525,1533,4A,4A
32540,1533,1549,4A,4A
32560,1503,1524,4A,4A
32560,1504,1538,4A,4A
32560,1504,1815,4A,4A
32560,1519,1528,4A,4A
32560,1525,1533,4A,4A
32560,1533,1549,4A,4A
32580,1503,1524,4A,4A
32580,1504,1538,4A,4A
32580,1504,1815,4A,4A
32580,1532,1538,4A,4A
32580,1533,1549,4A,4A
32580,1538,1815,4A,4A
32580,1545,1837,4A,4A
32600,1503,1524,4A,4A
32600,1504,1815,4A,4A
32600,1533,1549,4A,4A
32620,1500,1533,4A,4A
32620,1503,1524,4A,4A
32660,1500,1533,4A,4A
32660,1503,1504,4A,4A
32660,1503,1524,4A,4A
32660,1504,1525,4A,4A
32660,1504,1528,4A,4A
32660,1533,1549,4A,4A
32680,1503,1524,4A,4A
32680,1504,1519,4A,4A
32680,1504,1815,4A,4A
32700,1503,1524,4A,4A
32700,1504,1705,4A,4A
32720,1525,1533,4A,4A
32720,1528,1546,4A,4A
32720,1546,1548,4A,4A
32740,1528,1548,4A,4A
32760,1546,1548,4A,4A
32820,1503,1528,4A,4A
32820,1504,1519,4A,4A
32840,1503,1524,4A,4A
32840,1503,1528,4A,4A
32840,1524,1528,4A,4A
32860,1503,1524,4A,4A
32860,1503,1528,4A,4A
32900,1503,1524,4A,4A
32900,1538,1815,4A,4A
32920,1503,1524,4A,4A
32920,1503,1528,4A,4A
32940,1503,1524,4A,4A
32940,1533,1546,4A,4A
32940,1533,1548,4A,4A
32960,1533,1548,4A,4A
32960,1533,1549,4A,4A
32960,1548,1549,4A,4A
32980,1533,1549,4A,4A
33000,1525,1528,4A,4A
33000,1532,1815,4A,4A
33020,1528,1533,4A,4A
33020,1532,1538,4A,4A
33040,1532,1538,4A,4A
33060,1503,1524,4A,4A
33080,1503,1524,4A,4A
33100,1503,1524,4A,4A
33120,1503,1524,4A,4A
33140,1532,1815,4A,4A
33160,1503,1524,4A,4A
33180,1503,1524,4A,4A
33200,1500,1504,4A,4A
33200,1503,1524,4A,4A
33200,1528,1532,4A,4A
33200,1528,1533,4A,4A
33200,1532,1533,4A,4A
33220,1500,1504,4A,4A
33220,1500,1546,4A,4A
33220,1503,1524,4A,4A
33220,1503,1533,4A,4A
33220,1528,1533,4A,4A
33220,1528,1548,4A,4A
33240,1503,1504,4A,4A
33240,1503,1524,4A,4A
33240,1504,1525,4A,4A
33240,1504,1548,4A,4A
33260,1503,1524,4A,4A
33280,1503,1524,4A,4A
33280,1504,1533,4A,4A
33300,1503,1524,4A,4A
33320,1503,1524,4A,4A
33320,1504,1519,4A,4A
33340,1503,1524,4A,4A
33340,1525,1528,4A,4A
33360,1503,1524,4A,4A
33380,1503,1524,4A,4A
33400,1503,1524,4A,4A
33440,1533,1549,4A,4A
33460,1504,1837,4A,4A
33480,1503,1524,4A,4A
33480,1549,1705,4A,4A
33500,1532,1533,4A,4A
33540,1545,1837,4A,4A
33560,1528,1533,4A,4A
33580,1528,1548,4A,4A
33600,1504,1525,4A,4A
33600,1504,1532,4A,4A
33620,1503,1524,4A,4A
33620,1532,1533,4A,4A
33620,1532,1549,4A,4A
33620,1533,1538,4A,4A
33640,1532,1533,4A,4A
33680,1503,1524,4A,4A
33700,1503,1524,4A,4A
33700,1504,1533,4A,4A
33720,1503,1524,4A,4A
33740,1503,1524,4A,4A
33760,1504,1546,4A,4A
33760,1545,1797,4A,4A
33780,1503,1524,4A,4A
33780,1503,1528,4A,4A
33780,1504,1546,4A,4A
33780,1533,1546,4A,4A
33780,1546,1549,4A,4A
33780,1548,1705,4A,4A
33800,1503,1524,4A,4A
33820,1503,1524,4A,4A
33820,1525,1797,4A,4A
33840,1525,1797,4A,4A
33840,1533,1549,4A,4A
33860,1503,1524,4A,4A
33860,1525,1797,4A,4A
33900,1504,1519,4A,4A
33920,1503,1524,4A,4A
33920,1532,1815,4A,4A
33960,1504,1519,4A,4A
33980,1504,1519,4A,4A
33980,1548,1797,4A,4A
34000,1504,1519,4A,4A
34000,1548,1797,4A,4A
34020,1504,1519,4A,4A
34040,1504,1519,4A,4A
34060,1525,1528,4A,4A
34080,1528,1533,4A,4A
34100,1503,1528,4A,4A
34120,1545,1837,4A,4A
34160,1504,1797,4A,4A
34160,1545,1705,4A,4A
34180,1519,1705,4A,4A
34180,1525,1548,4A,4A
34200,1504,1797,4A,4A
34200,1525,1545,4A,4A
34220,1545,1837,4A,4A
34240,1545,1705,4A,4A
34260,1528,1548,4A,4A
34260,1528,1705,4A,4A
34260,1545,1837,4A,4A
34280,1528,1545,4A,4A
34280,1545,1705,4A,4A
34280,1545,1837,4A,4A
34300,1519,1705,4A,4A
34300,1546,1548,4A,4A
34380,1525,1797,4A,4A
34380,1532,1815,4A,4A
34400,1532,1815,4A,4A
34420,1503,1524,4A,4A
34420,1532,1815,4A,4A
34420,1533,1549,4A,4A
34420,1545,1705,4A,4A
34440,1504,1538,4A,4A
34440,1504,1545,4A,4A
34440,1504,1705,4A,4A
34440,1525,1549,4A,4A
34440,1528,1532,4A,4A
34440,1533,1546,4A,4A
34440,1545,1705,4A,4A
34440,1546,1549,4A,4A
34460,1525,1528,4A,4A
34460,1532,1533,4A,4A
34460,1533,1549,4A,4A
34460,1705,1797,4A,4A
34480,1504,1705,4A,4A
34480,1532,1533,4A,4A
34480,1533,1549,4A,4A
34480,1548,1705,4A,4A
34500,1503,1528,4A,4A
34500,1533,1546,4A,4A
34500,1546,1549,4A,4A
34520,1548,1705,4A,4A
34540,1503,1528,4A,4A
34560,1528,1533,4A,4A
34560,1548,1797,4A,4A
34580,1500,1504,4A,4A
34580,1504,1545,4A,4A
34600,1504,1546,4A,4A
34600,1546,1705,4A,4A
34620,1500,1546,4A,4A
34620,1546,1705,4A,4A
34660,1528,1705,4A,4A
34660,1532,1533,4A,4A
34680,1532,1533,4A,4A
34680,1532,1815,4A,4A
34700,1532,1815,4A,4A
34700,1546,1815,4A,4A
34720,1532,1815,4A,4A
34740,1504,1797,4A,4A
34760,1504,1797,4A,4A
34760,1533,1546,4A,4A
34760,1538,1546,4A,4A
34760,1538,1815,4A,4A
34760,1546,1549,4A,4A
34780,1504,1533,4A,4A
34780,1504,1797,4A,4A
34780,1504,1815,4A,4A
34800,1525,1528,4A,4A
34800,1525,1797,4A,4A
34820,1503,1524,4A,4A
34820,1525,1546,4A,4A
34820,1546,1548,4A,4A
34820,1546,1705,4A,4A
34840,1504,1519,4A,4A
34840,1525,1797,4A,4A
34840,1532,1538,4A,4A
34840,1545,1705,4A,4A
34840,1545,1837,4A,4A
34880,1503,1533,4A,4A
34880,1503,1815,4A,4A
34880,1504,1545,4A,4A
34880,1533,1797,4A,4A
34880,1538,1797,4A,4A
34880,1538,1815,4A,4A
34880,1545,1837,4A,4A
34900,1500,1528,4A,4A
34900,1503,1528,4A,4A
34900,1503,1705,4A,4A
34900,1503,1815,4A,4A
34900,1504,1524,4A,4A
34900,1504,1533,4A,4A
34900,1524,1533,4A,4A
34900,1524,1539,4A,4A
34900,1525,1532,4A,4A
34900,1528,1705,4A,4A
34900,1528,1815,4A,4A
34900,1532,1837,4A,4A
34900,1533,1539,4A,4A
34900,1533,1705,4A,4A
34900,1538,1815,4A,4A
34900,1705,1815,4A,4A
34920,1500,1528,4A,4A
34920,1503,1837,4A,4A
34920,1524,1539,4A,4A
34920,1525,1532,4A,4A
34920,1525,1837,4A,4A
34920,1528,1538,4A,4A
34920,1528,1705,4A,4A
34920,1528,1815,4A,4A
34920,1532,1837,4A,4A
34920,1705,1837,4A,4A
34940,1500,1546,4A,4A
34940,1503,1545,4A,4A
34940,1504,1519,4A,4A
34940,1504,1524,4A,4A
34940,1524,1539,4A,4A
34940,1525,1532,4A,4A
34940,1525,1837,4A,4A
34940,1532,1837,4A,4A
34940,1538,1546,4A,4A
34960,1500,1528,4A,4A
34960,1503,1524,4A,4A
34960,1503,1539,4A,4A
34960,1528,1545,4A,4A
34960,1538,1546,4A,4A
34960,1545,1837,4A,4A
34960,1546,1797,4A,4A
34980,1500,1797,4A,4A
34980,1503,1532,4A,4A
34980,1503,1797,4A,4A
34980,1524,1545,4A,4A
34980,1525,1532,4A,4A
34980,1525,1837,4A,4A
34980,1533,1538,4A,4A
34980,1533,1546,4A,4A
34980,1545,1837,4A,4A
35000,1500,1539,4A,4A
35000,1500,1549,4A,4A
35000,1500,1837,4A,4A
35000,1503,1528,4A,4A
35000,1503,1539,4A,4A
35000,1503,1815,4A,4A
35000,1504,1525,4A,4A
35000,1504,1548,4A,4A
35000,1519,1548,4A,4A
35000,1519,1549,4A,4A
35000,1525,1837,4A,4A
35000,1528,1545,4A,4A
35000,1528,1815,4A,4A
35000,1533,1538,4A,4A
35000,1533,1546,4A,4A
35000,1533,1705,4A,4A
35000,1539,1815,4A,4A
35000,1548,1549,4A,4A
35000,1549,1705,4A,4A
35020,1500,1519,4A,4A
35020,1504,1525,4A,4A
35020,1504,1532,4A,4A
35020,1524,1539,4A,4A
35020,1525,1532,4A,4A
35020,1525,1837,4A,4A
35020,1533,1546,4A,4A
35020,1533,1797,4A,4A
35040,1500,1504,4A,4A
35040,1503,1528,4A,4A
35040,1503,1705,4A,4A
35040,1524,1539,4A,4A
35040,1524,1815,4A,4A
35040,1528,1705,4A,4A
35040,1533,1538,4A,4A
35040,1538,1546,4A,4A
35040,1549,1837,4A,4A
35060,1500,1504,4A,4A
35060,1503,1528,4A,4A
35060,1503,1545,4A,4A
35060,1503,1797,4A,4A
35060,1503,1815,4A,4A
35060,1504,1837,4A,4A
35060,1524,1539,4A,4A
35060,1524,1837,4A,4A
35060,1528,1533,4A,4A
35060,1528,1705,4A,4A
35060,1532,1837,4A,4A
35060,1533,1545,4A,4A
35060,1533,1546,4A,4A
35060,1545,1705,4A,4A
35060,1545,1797,4A,4A
35060,1705,1797,4A,4A
35060,1705,1815,4A,4A
35080,1500,1837,4A,4A
35080,1503,1705,4A,4A
35080,1525,1548,4A,4A
35080,1528,1538,4A,4A
35080,1528,1705,4A,4A
35080,1538,1797,4A,4A
35080,1539,1815,4A,4A
35100,1500,1532,4A,4A
35100,1503,1545,4A,4A
35100,1503,1705,4A,4A
35100,1503,1815,4A,4A
35100,1524,1539,4A,4A
35100,1525,1548,4A,4A
35100,1528,1533,4A,4A
35100,1528,1545,4A,4A
35100,1528,1797,4A,4A
35100,1533,1538,4A,4A
35100,1538,1546,4A,4A
35100,1545,1705,4A,4A
35100,1705,1797,4A,4A
35120,1503,1539,4A,4A
35120,1503,1815,4A,4A
35120,1524,1539,4A,4A
35120,1525,1548,4A,4A
35120,1533,1538,4A,4A
35120,1533,1545,4A,4A
35120,1539,1815,4A,4A
35120,1545,1705,4A,4A
35120,1545,1797,4A,4A
35120,1705,1797,4A,4A
35140,1500,1837,4A,4A
35140,1503,1539,4A,4A
35140,1504,1525,4A,4A
35140,1528,1533,4A,4A
35140,1528,1538,4A,4A
35140,1528,1797,4A,4A
35140,1533,1538,4A,4A
35140,1545,1705,4A,4A
35140,1545,1797,4A,4A
35160,1500,1837,4A,4A
35160,1503,1524,4A,4A
35160,1503,1815,4A,4A
35160,1504,1525,4A,4A
35160,1504,1548,4A,4A
35160,1524,1539,4A,4A
35160,1525,1548,4A,4A
35160,1528,1545,4A,4A
35160,1528,1797,4A,4A
35160,1532,1539,4A,4A
35160,1532,1815,4A,4A
35160,1533,1538,4A,4A
35160,1545,1705,4A,4A
35160,1545,1797,4A,4A
35160,1705,1797,4A,4A
35180,1503,1524,4A,4A
35180,1503,1705,4A,4A
35180,1503,1815,4A,4A
35180,1525,1539,4A,4A
35180,1525,1548,4A,4A
35180,1528,1533,4A,4A
35180,1528,1797,4A,4A
35180,1532,1539,4A,4A
35180,1533,1538,4A,4A
35180,1538,1546,4A,4A
35180,1545,1705,4A,4A
35180,1545,1797,4A,4A
35180,1705,1797,4A,4A
35200,1500,1532,4A,4A
35200,1500,1837,4A,4A
35200,1503,1815,4A,4A
35200,1524,1532,4A,4A
35200,1524,1815,4A,4A
35200,1524,1837,4A,4A
35200,1528,1797,4A,4A
35200,1532,1837,4A,4A
35200,1533,1538,4A,4A
35200,1533,1546,4A,4A
35200,1533,1797,4A,4A
35200,1538,1546,4A,4A
35200,1545,1705,4A,4A
35200,1545,1797,4A,4A
35200,1705,1797,4A,4A
35220,1500,1837,4A,4A
35220,1503,1533,4A,4A
35220,1524,1532,4A,4A
35220,1524,1815,4A,4A
35220,1524,1837,4A,4A
35220,1528,1533,4A,4A
35220,1528,1797,4A,4A
35220,1532,1837,4A,4A
35220,1533,1545,4A,4A
35220,1533,1797,4A,4A
35220,1538,1545,4A,4A
35220,1538,1546,4A,4A
35220,1538,1797,4A,4A
35220,1545,1705,4A,4A
35220,1545,1797,4A,4A
35240,1500,1525,4A,4A
35240,1500,1837,4A,4A
35240,1503,1524,4A,4A
35240,1503,1815,4A,4A
35240,1524,1705,4A,4A
35240,1524,1815,4A,4A
35240,1525,1548,4A,4A
35240,1528,1533,4A,4A
35240,1545,1705,4A,4A
35260,1500,1525,4A,4A
35260,1500,1539,4A,4A
35260,1500,1837,4A,4A
35260,1503,1539,4A,4A
35260,1503,1705,4A,4A
35260,1503,1815,4A,4A
35260,1524,1815,4A,4A
35260,1525,1548,4A,4A
35260,1533,1545,4A,4A
35260,1533,1797,4A,4A
35260,1538,1546,4A,4A
35260,1545,1705,4A,4A
35260,1545,1797,4A,4A
35280,1525,1548,4A,4A
35280,1538,1546,4A,4A
35280,1545,1797,4A,4A
35300,1525,1548,4A,4A
35320,1525,1548,4A,4A
35320,1528,1546,4A,4A
35320,1528,1705,4A,4A
35320,1533,1538,4A,4A
35320,1533,1546,4A,4A
35320,1538,1546,4A,4A
35320,1545,1797,4A,4A
35320,1546,1797,4A,4A
35340,1503,1539,4A,4A
35340,1503,1815,4A,4A
35340,1504,1525,4A,4A
35340,1504,1705,4A,4A
35340,1545,1797,4A,4A
35360,1503,1815,4A,4A
35360,1525,1548,4A,4A
35360,1525,1837,4A,4A
35360,1533,1539,4A,4A
35360,1533,1815,4A,4A
35360,1538,1705,4A,4A
35360,1545,1797,4A,4A
35380,1500,1525,4A,4A
35380,1500,1532,4A,4A
35380,1503,1533,4A,4A
35380,1503,1815,4A,4A
35380,1525,1532,4A,4A
35380,1525,1548,4A,4A
35380,1525,1837,4A,4A
35380,1532,1548,4A,4A
35380,1532,1837,4A,4A
35380,1533,1539,4A,4A
35400,1503,1539,4A,4A
35400,1538,1705,4A,4A
35400,1545,1797,4A,4A
35420,1500,1837,4A,4A
35420,1504,1538,4A,4A
35420,1504,1705,4A,4A
35420,1525,1548,4A,4A
35420,1538,1705,4A,4A
35420,1545,1797,4A,4A
35420,1548,1837,4A,4A
35440,1500,1525,4A,4A
35440,1500,1548,4A,4A
35440,1500,1837,4A,4A
35440,1503,1533,4A,4A
35440,1503,1539,4A,4A
35440,1525,1546,4A,4A
35440,1525,1837,4A,4A
35440,1528,1538,4A,4A
35440,1532,1837,4A,4A
35440,1533,1539,4A,4A
35440,1538,1705,4A,4A
35460,1500,1525,4A,4A
35460,1503,1539,4A,4A
35460,1503,1815,4A,4A
35460,1525,1548,4A,4A
35460,1525,1815,4A,4A
35460,1532,1837,4A,4A
35460,1538,1705,4A,4A
35480,1500,1546,4A,4A
35480,1503,1815,4A,4A
35480,1532,1837,4A,4A
35480,1539,1815,4A,4A
35500,1500,1532,4A,4A
35500,1503,1815,4A,4A
35500,1525,1532,4A,4A
35520,1503,1815,4A,4A
35520,1504,1533,4A,4A
35520,1532,1837,4A,4A
35540,1500,1837,4A,4A
35540,1503,1815,4A,4A
35540,1504,1538,4A,4A
35540,1504,1705,4A,4A
35540,1519,1533,4A,4A
35540,1525,1837,4A,4A
35540,1533,1837,4A,4A
35540,1538,1705,4A,4A
35560,1500,1525,4A,4A
35560,1500,1532,4A,4A
35560,1500,1837,4A,4A
35560,1503,1815,4A,4A
35560,1525,1837,4A,4A
35560,1532,1548,4A,4A
35560,1533,1837,4A,4A
35560,1538,1705,4A,4A
35560,1539,1815,4A,4A
35580,1500,1525,4A,4A
35580,1500,1837,4A,4A
35580,1503,1539,4A,4A
35580,1503,1815,4A,4A
35580,1524,1815,4A,4A
35580,1525,1837,4A,4A
35580,1532,1548,4A,4A
35580,1539,1815,4A,4A
35580,1548,1837,4A,4A
35600,1500,1525,4A,4A
35600,1500,1548,4A,4A
35600,1500,1837,4A,4A
35600,1503,1539,4A,4A
35600,1503,1815,4A,4A
35600,1525,1548,4A,4A
35600,1525,1837,4A,4A
35600,1532,1548,4A,4A
35600,1538,1837,4A,4A
35600,1539,1815,4A,4A
35620,1503,1815,4A,4A
35620,1538,1705,4A,4A
35620,1548,1815,4A,4A
35640,1500,1525,4A,4A
35640,1500,1837,4A,4A
35640,1503,1532,4A,4A
35640,1524,1815,4A,4A
35640,1525,1815,4A,4A
35640,1525,1837,4A,4A
35640,1548,1815,4A,4A
35660,1503,1532,4A,4A
35660,1503,1815,4A,4A
35660,1532,1815,4A,4A
35660,1539,1815,4A,4A
35660,1548,1815,4A,4A
35680,1503,1524,4A,4A
35680,1503,1539,4A,4A
35680,1503,1815,4A,4A
35680,1504,1705,4A,4A
35680,1525,1532,4A,4A
35680,1525,1815,4A,4A
35700,1500,1548,4A,4A
35700,1503,1539,4A,4A
35700,1503,1815,4A,4A
35700,1504,1705,4A,4A
35700,1524,1539,4A,4A
35700,1532,1548,4A,4A
35700,1532,1837,4A,4A
35700,1539,1815,4A,4A
35700,1545,1797,4A,4A
35720,1500,1525,4A,4A
35720,1503,1524,4A,4A
35720,1503,1539,4A,4A
35720,1503,1815,4A,4A
35720,1524,1539,4A,4A
35720,1524,1815,4A,4A
35720,1525,1532,4A,4A
35720,1539,1815,4A,4A
35720,1548,1837,4A,4A
35740,1500,1528,4A,4A
35740,1500,1532,4A,4A
35740,1500,1548,4A,4A
35740,1503,1524,4A,4A
35740,1503,1539,4A,4A
35740,1503,1815,4A,4A
35740,1519,1533,4A,4A
35740,1524,1539,4A,4A
35740,1525,1837,4A,4A
35740,1532,1548,4A,4A
35760,1503,1815,4A,4A
35760,1525,1837,4A,4A
35780,1500,1525,4A,4A
35780,1500,1532,4A,4A
35780,1500,1837,4A,4A
35780,1504,1533,4A,4A
35780,1525,1837,4A,4A
35780,1532,1837,4A,4A
35800,1503,1815,4A,4A
35800,1504,1549,4A,4A
35800,1533,1546,4A,4A
35800,1539,1815,4A,4A
35820,1500,1525,4A,4A
35820,1503,1815,4A,4A
35820,1504,1546,4A,4A
35820,1504,1549,4A,4A
35820,1519,1533,4A,4A
35820,1533,1546,4A,4A
35840,1500,1525,4A,4A
35840,1500,1548,4A,4A
35840,1519,1533,4A,4A
35840,1519,1546,4A,4A
35840,1533,1546,4A,4A
35860,1503,1524,4A,4A
35860,1503,1539,4A,4A
35860,1503,1815,4A,4A
35860,1504,1549,4A,4A
35860,1519,1546,4A,4A
35860,1524,1815,4A,4A
35860,1525,1837,4A,4A
35860,1533,1549,4A,4A
35880,1500,1525,4A,4A
35880,1500,1837,4A,4A
35880,1503,1524,4A,4A
35880,1503,1539,4A,4A
35880,1503,1815,4A,4A
35880,1533,1549,4A,4A
35880,1539,1815,4A,4A
35900,1500,1525,4A,4A
35900,1500,1837,4A,4A
35900,1503,1815,4A,4A
35900,1524,1815,4A,4A
35900,1539,1815,4A,4A
35920,1500,1525,4A,4A
35920,1500,1837,4A,4A
35920,1503,1815,4A,4A
35920,1504,1705,4A,4A
35920,1519,1533,4A,4A
35920,1519,1549,4A,4A
35920,1533,1549,4A,4A
35940,1503,1539,4A,4A
35940,1503,1815,4A,4A
35940,1519,1549,4A,4A
35940,1528,1837,4A,4A
35940,1532,1548,4A,4A
35940,1533,1549,4A,4A
35940,1539,1815,4A,4A
35960,1500,1525,4A,4A
35960,1503,1539,4A,4A
35960,1503,1815,4A,4A
35960,1519,1549,4A,4A
35960,1525,1532,4A,4A
35960,1533,1549,4A,4A
35960,1539,1815,4A,4A
35980,1500,1528,4A,4A
35980,1500,1837,4A,4A
35980,1503,1539,4A,4A
35980,1503,1815,4A,4A
35980,1519,1549,4A,4A
35980,1532,1837,4A,4A
35980,1533,1549,4A,4A
35980,1539,1815,4A,4A
36000,1503,1539,4A,4A
36000,1503,1815,4A,4A
36000,1519,1549,4A,4A
36000,1533,1549,4A,4A
36000,1538,1705,4A,4A
36020,1500,1525,4A,4A
36020,1503,1539,4A,4A
36020,1503,1815,4A,4A
36020,1528,1837,4A,4A
36020,1532,1837,4A,4A
36020,1533,1549,4A,4A
36020,1538,1705,4A,4A
36020,1539,1815,4A,4A
36040,1500,1525,4A,4A
36040,1500,1528,4A,4A
36040,1503,1815,4A,4A
36040,1525,1528,4A,4A
36040,1525,1837,4A,4A
36040,1528,1532,4A,4A
36040,1533,1549,4A,4A
36040,1538,1705,4A,4A
36040,1539,1815,4A,4A
36060,1500,1532,4A,4A
36060,1500,1837,4A,4A
36060,1503,1539,4A,4A
36060,1503,1815,4A,4A
36060,1528,1532,4A,4A
36060,1528,1837,4A,4A
36060,1533,1549,4A,4A
36060,1539,1815,4A,4A
36060,1545,1546,4A,4A
36060,1546,1797,4A,4A
36080,1503,1815,4A,4A
36080,1525,1528,4A,4A
36080,1528,1837,4A,4A
36080,1533,1546,4A,4A
36080,1533,1549,4A,4A
36100,1503,1815,4A,4A
36100,1532,1548,4A,4A
36100,1533,1546,4A,4A
36100,1539,1815,4A,4A
36120,1503,1539,4A,4A
36120,1503,1815,4A,4A
36120,1524,1815,4A,4A
36120,1532,1548,4A,4A
36120,1533,1546,4A,4A
36120,1539,1815,4A,4A
36120,1545,1797,4A,4A
36140,1500,1525,4A,4A
36140,1500,1837,4A,4A
36140,1525,1837,4A,4A
36140,1528,1548,4A,4A
36140,1532,1837,4A,4A
36160,1500,1528,4A,4A
36160,1500,1548,4A,4A
36160,1500,1837,4A,4A
36160,1503,1815,4A,4A
36160,1528,1837,4A,4A
36160,1532,1837,4A,4A
36160,1533,1538,4A,4A
36180,1503,1815,4A,4A
36180,1525,1532,4A,4A
36180,1528,1837,4A,4A
36180,1532,1837,4A,4A
36180,1533,1538,4A,4A
36180,1548,1837,4A,4A
36200,1503,1539,4A,4A
36200,1503,1815,4A,4A
36200,1528,1837,4A,4A
36200,1539,1815,4A,4A
36220,1525,1528,4A,4A
36220,1528,1837,4A,4A
36220,1539,1815,4A,4A
36240,1500,1525,4A,4A
36240,1500,1528,4A,4A
36240,1500,1532,4A,4A
36240,1503,1815,4A,4A
36240,1504,1519,4A,4A
36240,1528,1532,4A,4A
36240,1539,1815,4A,4A
36260,1504,1519,4A,4A
36260,1525,1532,4A,4A
36260,1532,1548,4A,4A
36280,1503,1815,4A,4A
36280,1504,1815,4A,4A
36280,1538,1705,4A,4A
36280,1538,1815,4A,4A
36280,1545,1797,4A,4A
36300,1500,1525,4A,4A
36300,1500,1528,4A,4A
36300,1500,1532,4A,4A
36300,1500,1837,4A,4A
36300,1503,1539,4A,4A
36300,1504,1815,4A,4A
36300,1525,1528,4A,4A
36300,1525,1532,4A,4A
36300,1538,1705,4A,4A
36320,1500,1525,4A,4A
36320,1503,1538,4A,4A
36320,1503,1539,4A,4A
36320,1503,1705,4A,4A
36320,1525,1532,4A,4A
36320,1528,1532,4A,4A
36320,1528,1548,4A,4A
36320,1532,1548,4A,4A
36320,1533,1546,4A,4A
36320,1538,1705,4A,4A
36340,1519,1546,4A,4A
36340,1525,1528,4A,4A
36340,1528,1837,4A,4A
36340,1538,1705,4A,4A
36340,1538,1815,4A,4A
36360,1500,1548,4A,4A
36360,1503,1815,4A,4A
36360,1504,1815,4A,4A
36360,1519,1546,4A,4A
36360,1524,1539,4A,4A
36360,1538,1815,4A,4A
36380,1500,1532,4A,4A
36380,1503,1815,4A,4A
36380,1504,1546,4A,4A
36380,1524,1539,4A,4A
36380,1525,1532,4A,4A
36380,1532,1548,4A,4A
36380,1539,1815,4A,4A
36380,1705,1815,4A,4A
36400,1504,1519,4A,4A
36400,1504,1533,4A,4A
36400,1504,1546,4A,4A
36400,1524,1539,4A,4A
36400,1525,1532,4A,4A
36400,1528,1532,4A,4A
36400,1533,1546,4A,4A
36400,1533,1705,4A,4A
36400,1545,1705,4A,4A
36400,1545,1797,4A,4A
36400,1546,1705,4A,4A
36420,1503,1815,4A,4A
36420,1504,1519,4A,4A
36420,1524,1539,4A,4A
36420,1525,1548,4A,4A
36420,1532,1548,4A,4A
36420,1532,1837,4A,4A
36420,1538,1797,4A,4A
36420,1539,1815,4A,4A
36420,1545,1797,4A,4A
36440,1504,1519,4A,4A
36440,1504,1546,4A,4A
36440,1519,1533,4A,4A
36440,1524,1539,4A,4A
36440,1525,1532,4A,4A
36440,1525,1837,4A,4A
36440,1532,1837,4A,4A
36440,1546,1797,4A,4A
36460,1504,1519,4A,4A
36460,1525,1528,4A,4A
36460,1528,1532,4A,4A
36460,1532,1548,4A,4A
36460,1532,1797,4A,4A
36460,1545,1797,4A,4A
36480,1504,1533,4A,4A
36480,1524,1539,4A,4A
36480,1528,1837,4A,4A
36500,1500,1528,4A,4A
36500,1500,1548,4A,4A
36500,1504,1533,4A,4A
36500,1504,1545,4A,4A
36500,1524,1539,4A,4A
36500,1525,1532,4A,4A
36500,1528,1548,4A,4A
36520,1503,1815,4A,4A
36520,1504,1533,4A,4A
36520,1524,1539,4A,4A
36520,1525,1532,4A,4A
36520,1528,1548,4A,4A
36520,1533,1546,4A,4A
36540,1500,1528,4A,4A
36540,1500,1548,4A,4A
36540,1503,1524,4A,4A
36540,1503,1815,4A,4A
36540,1504,1533,4A,4A
36540,1524,1815,4A,4A
36540,1525,1837,4A,4A
36540,1528,1548,4A,4A
36560,1500,1837,4A,4A
36560,1503,1524,4A,4A
36560,1503,1815,4A,4A
36560,1524,1815,4A,4A
36560,1705,1797,4A,4A
36580,1503,1815,4A,4A
36580,1504,1519,4A,4A
36580,1538,1546,4A,4A
36580,1705,1797,4A,4A
36600,1503,1524,4A,4A
36600,1503,1815,4A,4A
36600,1524,1815,4A,4A
36620,1500,1525,4A,4A
36620,1500,1837,4A,4A
36620,1503,1524,4A,4A
36620,1503,1815,4A,4A
36620,1524,1815,4A,4A
36620,1538,1705,4A,4A
36640,1503,1524,4A,4A
36640,1503,1815,4A,4A
36640,1524,1815,4A,4A
36640,1528,1837,4A,4A
36640,1538,1705,4A,4A
36660,1500,1548,4A,4A
36660,1503,1524,4A,4A
36660,1503,1548,4A,4A
36660,1503,1815,4A,4A
36660,1504,1533,4A,4A
36660,1504,1546,4A,4A
36660,1524,1815,4A,4A
36660,1533,1546,4A,4A
36680,1500,1503,4A,4A
36680,1500,1525,4A,4A
36680,1504,1519,4A,4A
36680,1524,1539,4A,4A
36680,1524,1815,4A,4A
36680,1525,1532,4A,4A
36680,1533,1546,4A,4A
36680,1538,1705,4A,4A
36680,1539,1815,4A,4A
36680,1548,1837,4A,4A
36700,1500,1525,4A,4A
36700,1500,1548,4A,4A
36700,1525,1837,4A,4A
36700,1533,1546,4A,4A
36700,1539,1548,4A,4A
36720,1500,1837,4A,4A
36720,1504,1533,4A,4A
36720,1504,1546,4A,4A
36720,1525,1528,4A,4A
36720,1528,1548,4A,4A
36720,1533,1546,4A,4A
36720,1538,1705,4A,4A
36740,1500,1525,4A,4A
36740,1500,1528,4A,4A
36740,1500,1837,4A,4A
36740,1524,1539,4A,4A
36740,1525,1528,4A,4A
36740,1525,1837,4A,4A
36740,1528,1548,4A,4A
36760,1500,1837,4A,4A
36760,1503,1539,4A,4A
36760,1524,1539,4A,4A
36760,1528,1548,4A,4A
36760,1532,1837,4A,4A
36780,1500,1525,4A,4A
36780,1503,1815,4A,4A
36780,1524,1539,4A,4A
36780,1528,1548,4A,4A
36800,1500,1528,4A,4A
36800,1500,1548,4A,4A
36800,1503,1815,4A,4A
36800,1504,1549,4A,4A
36800,1525,1532,4A,4A
36800,1525,1837,4A,4A
36800,1532,1837,4A,4A
36800,1545,1797,4A,4A
36820,1500,1837,4A,4A
36820,1525,1528,4A,4A
36840,1500,1532,4A,4A
36840,1500,1815,4A,4A
36840,1500,1837,4A,4A
36840,1519,1546,4A,4A
36840,1528,1548,4A,4A
36840,1528,1815,4A,4A
36840,1528,1837,4A,4A
36860,1500,1528,4A,4A
36860,1519,1546,4A,4A
36880,1500,1837,4A,4A
36880,1503,1815,4A,4A
36880,1519,1546,4A,4A
36880,1525,1528,4A,4A
36880,1525,1837,4A,4A
36900,1500,1525,4A,4A
36900,1503,1524,4A,4A
36900,1503,1815,4A,4A
36900,1504,1533,4A,4A
36900,1519,1546,4A,4A
36900,1524,1815,4A,4A
36900,1525,1837,4A,4A
36920,1500,1525,4A,4A
36920,1503,1815,4A,4A
36920,1504,1549,4A,4A
36920,1525,1837,4A,4A
36920,1528,1837,4A,4A
36920,1815,1837,4A,4A
36940,1500,1837,4A,4A
36940,1503,1815,4A,4A
36940,1524,1815,4A,4A
36940,1525,1837,4A,4A
36960,1500,1532,4A,4A
36960,1500,1837,4A,4A
36960,1503,1815,4A,4A
36960,1504,1549,4A,4A
36980,1519,1546,4A,4A
36980,1525,1528,4A,4A
37000,1500,1525,4A,4A
37000,1525,1532,4A,4A
37020,1503,1815,4A,4A
37020,1504,1549,4A,4A
37020,1519,1546,4A,4A
37040,1500,1548,4A,4A
37040,1503,1815,4A,4A
37040,1528,1548,4A,4A
37040,1532,1549,4A,4A
37060,1500,1532,4A,4A
37060,1500,1549,4A,4A
37060,1525,1532,4A,4A
37060,1528,1837,4A,4A
37080,1500,1837,4A,4A
37080,1525,1837,4A,4A
37080,1528,1837,4A,4A
37080,1533,1546,4A,4A
37100,1503,1548,4A,4A
37100,1503,1815,4A,4A
37120,1500,1837,4A,4A
37120,1503,1815,4A,4A
37120,1519,1546,4A,4A
37120,1525,1528,4A,4A
37120,1528,1548,4A,4A
37120,1545,1705,4A,4A
37140,1500,1797,4A,4A
37140,1503,1524,4A,4A
37140,1503,1815,4A,4A
37140,1524,1815,4A,4A
37140,1528,1548,4A,4A
37140,1533,1546,4A,4A
37140,1545,1705,4A,4A
37140,1545,1797,4A,4A
37160,1503,1815,4A,4A
37160,1524,1539,4A,4A
37160,1528,1837,4A,4A
37160,1533,1546,4A,4A
37160,1545,1705,4A,4A
37180,1503,1539,4A,4A
37180,1503,1815,4A,4A
37180,1533,1546,4A,4A
37200,1500,1837,4A,4A
37200,1503,1539,4A,4A
37200,1503,1815,4A,4A
37200,1525,1837,4A,4A
37200,1539,1815,4A,4A
37200,1705,1797,4A,4A
37220,1500,1528,4A,4A
37220,1539,1815,4A,4A
37240,1500,1545,4A,4A
37240,1500,1705,4A,4A
37240,1500,1797,4A,4A
37240,1503,1546,4A,4A
37240,1504,1524,4A,4A
37240,1504,1538,4A,4A
37240,1504,1797,4A,4A
37240,1524,1525,4A,4A
37240,1524,1548,4A,4A
37240,1525,1548,4A,4A
37240,1539,1546,4A,4A
37240,1539,1815,4A,4A
37240,1545,1546,4A,4A
37240,1545,1705,4A,4A
37240,1545,1797,4A,4A
37240,1546,1815,4A,4A
37260,1545,1705,4A,4A
37280,1538,1815,4A,4A
37300,1503,1538,4A,4A
37300,1548,1837,4A,4A
37320,1503,1545,4A,4A
37320,1524,1539,4A,4A
37320,1528,1538,4A,4A
37320,1528,1705,4A,4A
37320,1545,1705,4A,4A
37340,1500,1837,4A,4A
37340,1503,1815,4A,4A
37340,1504,1533,4A,4A
37340,1519,1533,4A,4A
37340,1528,1545,4A,4A
37340,1528,1815,4A,4A
37340,1532,1533,4A,4A
37340,1532,1538,4A,4A
37340,1533,1548,4A,4A
37340,1545,1705,4A,4A
37340,1545,1815,4A,4A
37340,1705,1797,4A,4A
37340,1705,1815,4A,4A
37360,1500,1532,4A,4A
37360,1500,1837,4A,4A
37360,1503,1815,4A,4A
37360,1504,1533,4A,4A
37360,1525,1837,4A,4A
37360,1528,1545,4A,4A
37360,1528,1705,4A,4A
37360,1532,1837,4A,4A
37360,1545,1705,4A,4A
37380,1500,1532,4A,4A
37380,1500,1837,4A,4A
37380,1503,1546,4A,4A
37380,1503,1815,4A,4A
37380,1504,1524,4A,4A
37380,1504,1533,4A,4A
37380,1528,1797,4A,4A
37380,1532,1837,4A,4A
37380,1545,1797,4A,4A
37380,1546,1815,4A,4A
37380,1548,1705,4A,4A
37400,1500,1532,4A,4A
37400,1500,1837,4A,4A
37400,1503,1546,4A,4A
37400,1504,1524,4A,4A
37400,1504,1533,4A,4A
37400,1528,1705,4A,4A
37400,1528,1797,4A,4A
37400,1532,1549,4A,4A
37400,1533,1549,4A,4A
37400,1538,1546,4A,4A
37420,1500,1837,4A,4A
37420,1503,1538,4A,4A
37420,1503,1815,4A,4A
37420,1504,1533,4A,4A
37420,1519,1533,4A,4A
37420,1525,1837,4A,4A
37420,1528,1705,4A,4A
37420,1532,1548,4A,4A
37420,1538,1815,4A,4A
37420,1545,1705,4A,4A
37420,1705,1797,4A,4A
37420,1705,1815,4A,4A
37420,1797,1815,4A,4A
37440,1503,1538,4A,4A
37440,1538,1545,4A,4A
37440,1545,1797,4A,4A
37460,1500,1545,4A,4A
37460,1503,1546,4A,4A
37460,1504,1533,4A,4A
37460,1519,1533,4A,4A
37460,1524,1539,4A,4A
37460,1525,1549,4A,4A
37460,1528,1815,4A,4A
37460,1532,1548,4A,4A
37460,1539,1797,4A,4A
37460,1546,1815,4A,4A
37480,1503,1504,4A,4A
37480,1504,1548,4A,4A
37480,1524,1539,4A,4A
37480,1525,1528,4A,4A
37480,1525,1545,4A,4A
37480,1525,1837,4A,4A
37480,1528,1705,4A,4A
37480,1528,1837,4A,4A
37480,1532,1548,4A,4A
37480,1538,1546,4A,4A
37480,1545,1797,4A,4A
37480,1545,1837,4A,4A
37500,1500,1528,4A,4A
37500,1503,1815,4A,4A
37500,1504,1548,4A,4A
37500,1504,1797,4A,4A
37500,1504,1815,4A,4A
37500,1524,1797,4A,4A
37500,1525,1548,4A,4A
37500,1525,1837,4A,4A
37500,1532,1548,4A,4A
37500,1538,1546,4A,4A
37500,1545,1797,4A,4A
37520,1500,1524,4A,4A
37520,1500,1528,4A,4A
37520,1524,1528,4A,4A
37520,1525,1837,4A,4A
37520,1528,1539,4A,4A
37520,1532,1548,4A,4A
37520,1532,1837,4A,4A
37520,1538,1546,4A,4A
37540,1500,1524,4A,4A
37540,1500,1528,4A,4A
37540,1500,1618,4A,4A
37540,1503,1705,4A,4A
37540,1503,1815,4A,4A
37540,1504,1532,4A,4A
37540,1504,1548,4A,4A
37540,1504,1815,4A,4A
37540,1524,1539,4A,4A
37540,1525,1532,4A,4A
37540,1525,1548,4A,4A
37540,1525,1837,4A,4A
37540,1528,1618,4A,4A
37540,1532,1548,4A,4A
37540,1532,1837,4A,4A
37540,1538,1546,4A,4A
37540,1545,1705,4A,4A
37540,1545,1797,4A,4A
37540,1545,1815,4A,4A
37540,1548,1837,4A,4A
37540,1705,1815,4A,4A
37560,1500,1618,4A,4A
37560,1519,1533,4A,4A
37560,1519,1546,4A,4A
37560,1524,1618,4A,4A
37560,1525,1532,4A,4A
37560,1525,1548,4A,4A
37560,1525,1837,4A,4A
37560,1528,1618,4A,4A
37560,1532,1548,4A,4A
37560,1532,1837,4A,4A
37560,1533,1546,4A,4A
37560,1538,1546,4A,4A
37560,1539,1815,4A,4A
37560,1545,1797,4A,4A
37560,1546,1815,4A,4A
37560,1548,1837,4A,4A
37580,1500,1524,4A,4A
37580,1500,1539,4A,4A
37580,1504,1533,4A,4A
37580,1504,1545,4A,4A
37580,1504,1705,4A,4A
37580,1504,1797,4A,4A
37580,1519,1546,4A,4A
37580,1524,1528,4A,4A
37580,1525,1532,4A,4A
37580,1525,1548,4A,4A
37580,1525,1837,4A,4A
37580,1528,1539,4A,4A
37580,1532,1545,4A,4A
37580,1532,1548,4A,4A
37580,1532,1837,4A,4A
37580,1533,1539,4A,4A
37580,1533,1815,4A,4A
37580,1539,1815,4A,4A
37580,1545,1705,4A,4A
37580,1545,1797,4A,4A
37580,1548,1837,4A,4A
37600,1503,1504,4A,4A
37600,1503,1705,4A,4A
37600,1504,1545,4A,4A
37600,1504,1705,4A,4A
37600,1504,1797,4A,4A
37600,1524,1539,4A,4A
37600,1525,1532,4A,4A
37600,1525,1618,4A,4A
37600,1525,1837,4A,4A
37600,1532,1548,4A,4A
37600,1532,1837,4A,4A
37600,1533,1815,4A,4A
37600,1538,1546,4A,4A
37600,1539,1815,4A,4A
37600,1545,1705,4A,4A
37600,1545,1797,4A,4A
37600,1618,1837,4A,4A
37620,1500,1528,4A,4A
37620,1503,1705,4A,4A
37620,1524,1539,4A,4A
37620,1525,1548,4A,4A
37620,1532,1548,4A,4A
37620,1532,1618,4A,4A
37620,1549,1730,4A,4A
37640,1500,1528,4A,4A
37640,1524,1539,4A,4A
37640,1528,1549,4A,4A
37640,1528,1730,4A,4A
37640,1532,1548,4A,4A
37640,1538,1546,4A,4A
37640,1538,1705,4A,4A
37640,1545,1705,4A,4A
37640,1549,1730,4A,4A
37660,1500,1528,4A,4A
37660,1500,1837,4A,4A
37660,1503,1546,4A,4A
37660,1503,1815,4A,4A
37660,1504,1545,4A,4A
37660,1504,1815,4A,4A
37660,1519,1533,4A,4A
37660,1524,1533,4A,4A
37660,1524,1539,4A,4A
37660,1524,1837,4A,4A
37660,1525,1533,4A,4A
37660,1528,1730,4A,4A
37660,1528,1837,4A,4A
37660,1532,1548,4A,4A
37660,1538,1546,4A,4A
37660,1545,1705,4A,4A
37660,1545,1797,4A,4A
37660,1549,1730,4A,4A
37680,1500,1528,4A,4A
37680,1503,1545,4A,4A
37680,1503,1546,4A,4A
37680,1503,1815,4A,4A
37680,1504,1539,4A,4A
37680,1504,1730,4A,4A
37680,1504,1815,4A,4A
37680,1519,1533,4A,4A
37680,1524,1539,4A,4A
37680,1525,1548,4A,4A
37680,1532,1548,4A,4A
37680,1532,1618,4A,4A
37680,1533,1539,4A,4A
37680,1538,1546,4A,4A
37680,1538,1815,4A,4A
37680,1545,1705,4A,4A
37680,1548,1618,4A,4A
37680,1549,1730,4A,4A
37680,1705,1797,4A,4A
37680,1730,1797,4A,4A
37700,1500,1519,4A,4A
37700,1500,1533,4A,4A
37700,1500,1730,4A,4A
37700,1503,1545,4A,4A
37700,1503,1546,4A,4A
37700,1503,1815,4A,4A
37700,1519,1533,4A,4A
37700,1524,1539,4A,4A
37700,1533,1539,4A,4A
37700,1538,1546,4A,4A
37700,1538,1815,4A,4A
37700,1545,1705,4A,4A
37700,1549,1730,4A,4A
37700,1705,1797,4A,4A
37720,1500,1618,4A,4A
37720,1503,1546,4A,4A
37720,1503,1815,4A,4A
37720,1524,1525,4A,4A
37720,1524,1539,4A,4A
37720,1528,1618,4A,4A
37720,1528,1730,4A,4A
37720,1528,1837,4A,4A
37720,1545,1705,4A,4A
37720,1546,1815,4A,4A
37720,1549,1730,4A,4A
37720,1618,1837,4A,4A
37720,1705,1797,4A,4A
37740,1500,1837,4A,4A
37740,1503,1538,4A,4A
37740,1503,1815,4A,4A
37740,1504,1545,4A,4A
37740,1504,1705,4A,4A
37740,1504,1797,4A,4A
37740,1524,1539,4A,4A
37740,1525,1528,4A,4A
37740,1528,1618,4A,4A
37740,1528,1837,4A,4A
37740,1539,1730,4A,4A
37740,1545,1705,4A,4A
37740,1618,1837,4A,4A
37740,1705,1797,4A,4A
37760,1500,1528,4A,4A
37760,1500,1618,4A,4A
37760,1504,1538,4A,4A
37760,1504,1815,4A,4A
37760,1525,1837,4A,4A
37760,1538,1705,4A,4A
37760,1545,1705,4A,4A
37760,1545,1797,4A,4A
37760,1618,1705,4A,4A
37780,1532,1549,4A,4A
37780,1533,1538,4A,4A
37780,1538,1539,4A,4A
37780,1545,1705,4A,4A
37780,1545,1837,4A,4A
37780,1546,1548,4A,4A
37780,1705,1797,4A,4A
37780,1730,1815,4A,4A
37800,1528,1548,4A,4A
37800,1538,1539,4A,4A
37800,1546,1730,4A,4A
37820,1500,1504,4A,4A
37820,1503,1524,4A,4A
37820,1504,1519,4A,4A
37820,1504,1705,4A,4A
37820,1525,1797,4A,4A
37820,1532,1549,4A,4A
37820,1532,1730,4A,4A
37840,1503,1524,4A,4A
37840,1545,1705,4A,4A
37840,1546,1730,4A,4A
37840,1730,1797,4A,4A
37840,1730,1815,4A,4A
37860,1500,1730,4A,4A
37860,1525,1545,4A,4A
37860,1525,1618,4A,4A
37860,1545,1815,4A,4A
37880,1545,1837,4A,4A
37900,1504,1524,4A,4A
37900,1525,1797,4A,4A
37920,1504,1533,4A,4A
37920,1504,1546,4A,4A
37920,1730,1815,4A,4A
37940,1504,1528,4A,4A
37940,1504,1545,4A,4A
37960,1504,1545,4A,4A
37980,1504,1519,4A,4A
37980,1730,1815,4A,4A
38000,1730,1815,4A,4A
38020,1504,1519,4A,4A
38020,1730,1815,4A,4A
38040,1730,1815,4A,4A
38060,1730,1815,4A,4A
38080,1504,1519,4A,4A
38100,1504,1519,4A,4A
38100,1730,1815,4A,4A
38120,1503,1524,4A,4A
38120,1730,1815,4A,4A
38160,1504,1519,4A,4A
38180,1730,1815,4A,4A
38200,1730,1815,4A,4A
38220,1532,1538,4A,4A
38240,1504,1519,4A,4A
38240,1532,1538,4A,4A
38260,1504,1519,4A,4A
38260,1532,1538,4A,4A
38280,1503,1730,4A,4A
38280,1532,1538,4A,4A
38300,1532,1538,4A,4A
38300,1730,1815,4A,4A
38320,1503,1524,4A,4A
38320,1532,1538,4A,4A
38340,1532,1538,4A,4A
38360,1532,1538,4A,4A
38380,1532,1538,4A,4A
38380,1533,1549,4A,4A
38380,1539,1545,4A,4A
38400,1532,1538,4A,4A
38400,1539,1545,4A,4A
38400,1539,1705,4A,4A
38420,1503,1546,4A,4A
38420,1532,1538,4A,4A
38440,1503,1546,4A,4A
38440,1532,1538,4A,4A
38460,1503,1546,4A,4A
38460,1504,1705,4A,4A
38460,1532,1538,4A,4A
38460,1539,1705,4A,4A
38460,1730,1815,4A,4A
38480,1503,1546,4A,4A
38480,1532,1538,4A,4A
38480,1539,1705,4A,4A
38500,1503,1546,4A,4A
38500,1532,1538,4A,4A
38500,1539,1705,4A,4A
38520,1503,1546,4A,4A
38520,1532,1538,4A,4A
38520,1538,1730,4A,4A
38520,1730,1815,4A,4A
38540,1532,1538,4A,4A
38560,1504,1548,4A,4A
38560,1532,1538,4A,4A
38560,1538,1618,4A,4A
38560,1538,1815,4A,4A
38580,1503,1524,4A,4A
38580,1504,1548,4A,4A
38600,1504,1548,4A,4A
38600,1538,1730,4A,4A
38600,1539,1705,4A,4A
38620,1503,1524,4A,4A
38620,1504,1548,4A,4A
38620,1532,1538,4A,4A
38620,1548,1705,4A,4A
38640,1503,1524,4A,4A
38640,1504,1548,4A,4A
38640,1532,1538,4A,4A
38640,1533,1549,4A,4A
38640,1539,1545,4A,4A
38660,1503,1524,4A,4A
38660,1503,1730,4A,4A
38660,1504,1548,4A,4A
38660,1532,1538,4A,4A
38660,1533,1549,4A,4A
38660,1539,1545,4A,4A
38660,1539,1705,4A,4A
38680,1503,1730,4A,4A
38680,1532,1538,4A,4A
38680,1548,1705,4A,4A
38680,1730,1815,4A,4A
38700,1532,1538,4A,4A
38700,1730,1815,4A,4A
38720,1503,1730,4A,4A
38720,1504,1548,4A,4A
38720,1532,1538,4A,4A
38720,1538,1815,4A,4A
38720,1730,1815,4A,4A
38740,1504,1548,4A,4A
38740,1532,1538,4A,4A
38740,1730,1815,4A,4A
38760,1503,1730,4A,4A
38760,1504,1548,4A,4A
38760,1532,1538,4A,4A
38780,1532,1538,4A,4A
38780,1548,1705,4A,4A
38800,1504,1548,4A,4A
38800,1532,1538,4A,4A
38800,1730,1815,4A,4A
38820,1503,1524,4A,4A
38820,1503,1730,4A,4A
38820,1504,1548,4A,4A
38820,1504,1705,4A,4A
38820,1532,1538,4A,4A
38820,1548,1705,4A,4A
38840,1504,1548,4A,4A
38840,1532,1538,4A,4A
38840,1548,1705,4A,4A
38840,1730,1815,4A,4A
38860,1503,1524,4A,4A
38860,1504,1548,4A,4A
38860,1532,1538,4A,4A
38860,1548,1705,4A,4A
38860,1730,1815,4A,4A
38880,1503,1524,4A,4A
38880,1504,1548,4A,4A
38880,1532,1538,4A,4A
38880,1548,1705,4A,4A
38900,1503,1524,4A,4A
38900,1504,1548,4A,4A
38900,1532,1538,4A,4A
38920,1503,1815,4A,4A
38920,1504,1548,4A,4A
38920,1532,1538,4A,4A
38920,1730,1815,4A,4A
38940,1503,1730,4A,4A
38940,1504,1548,4A,4A
38940,1504,1705,4A,4A
38940,1532,1538,4A,4A
38940,1548,1705,4A,4A
38960,1503,1730,4A,4A
38960,1504,1705,4A,4A
38960,1532,1538,4A,4A
38960,1548,1705,4A,4A
38980,1503,1524,4A,4A
38980,1503,1730,4A,4A
38980,1504,1705,4A,4A
38980,1532,1538,4A,4A
38980,1548,1705,4A,4A
39000,1503,1524,4A,4A
39000,1504,1705,4A,4A
39000,1532,1538,4A,4A
39020,1504,1705,4A,4A
39020,1532,1538,4A,4A
39040,1504,1548,4A,4A
39040,1504,1705,4A,4A
39040,1538,1815,4A,4A
39060,1500,1546,4A,4A
39060,1503,1524,4A,4A
39060,1504,1705,4A,4A
39060,1705,1797,4A,4A
39060,1705,1815,4A,4A
39060,1797,1815,4A,4A
39080,1500,1525,4A,4A
39080,1525,1815,4A,4A
39080,1528,1549,4A,4A
39080,1705,1797,4A,4A
39080,1705,1815,4A,4A
39080,1797,1815,4A,4A
39100,1504,1519,4A,4A
39120,1504,1548,4A,4A
39120,1546,1797,4A,4A
39140,1504,1797,4A,4A
39160,1504,1837,4A,4A
39160,1533,1546,4A,4A
39160,1797,1837,4A,4A
39180,1504,1548,4A,4A
39180,1730,1815,4A,4A
39200,1500,1815,4A,4A
39200,1524,1815,4A,4A
39240,1500,1548,4A,4A
39260,1546,1548,4A,4A
39340,1504,1545,4A,4A
39340,1504,1705,4A,4A
39340,1545,1705,4A,4A
39360,1504,1532,4A,4A
39360,1504,1705,4A,4A
39360,1528,1532,4A,4A
39360,1532,1545,4A,4A
39360,1532,1546,4A,4A
39360,1533,1539,4A,4A
39380,1503,1532,4A,4A
39380,1504,1532,4A,4A
39380,1528,1532,4A,4A
39380,1532,1538,4A,4A
39400,1528,1532,4A,4A
39400,1532,1538,4A,4A
39400,1532,1545,4A,4A
39420,1500,1525,4A,4A
39420,1500,1532,4A,4A
39420,1500,1545,4A,4A
39420,1504,1705,4A,4A
39420,1504,1837,4A,4A
39420,1532,1538,4A,4A
39420,1532,1545,4A,4A
39420,1532,1546,4A,4A
39420,1538,1545,4A,4A
39460,1545,1837,4A,4A
39500,1504,1730,4A,4A
39500,1705,1730,4A,4A
39520,1503,1730,4A,4A
39540,1546,1548,4A,4A
39580,1546,1548,4A,4A
39600,1546,1548,4A,4A
39620,1546,1548,4A,4A
39640,1546,1548,4A,4A
39640,1546,1549,4A,4A
39680,1546,1548,4A,4A
39700,1503,1528,4A,4A
39720,1546,1548,4A,4A
39720,1730,1815,4A,4A
39740,1546,1548,4A,4A
39740,1730,1815,4A,4A
39760,1525,1548,4A,4A
39760,1546,1548,4A,4A
39780,1546,1548,4A,4A
39800,1546,1548,4A,4A
39800,1730,1815,4A,4A
39820,1503,1528,4A,4A
39820,1546,1548,4A,4A
39840,1546,1548,4A,4A
39860,1546,1548,4A,4A
39880,1546,1548,4A,4A
39880,1730,1815,4A,4A
39900,1503,1528,4A,4A
39900,1545,1837,4A,4A
39900,1546,1548,4A,4A
39900,1730,1815,4A,4A
39920,1503,1528,4A,4A
39920,1545,1837,4A,4A
39940,1545,1837,4A,4A
39940,1730,1815,4A,4A
39960,1730,1815,4A,4A
39980,1730,1815,4A,4A
40000,1546,1548,4A,4A
40020,1546,1548,4A,4A
40020,1730,1815,4A,4A
40040,1546,1548,4A,4A
40060,1528,1546,4A,4A
40060,1528,1548,4A,4A
40060,1546,1548,4A,4A
40100,1730,1815,4A,4A
40120,1525,1528,4A,4A
40120,1528,1548,4A,4A
40120,1730,1815,4A,4A
40140,1525,1528,4A,4A
40140,1730,1815,4A,4A
40160,1546,1548,4A,4A
40160,1730,1815,4A,4A
40180,1546,1548,4A,4A
40180,1730,1815,4A,4A
40200,1546,1548,4A,4A
40200,1730,1815,4A,4A
40220,1730,1815,4A,4A
40240,1730,1815,4A,4A
40260,1730,1815,4A,4A
40280,1545,1837,4A,4A
40280,1730,1815,4A,4A
40300,1730,1815,4A,4A
40320,1525,1546,4A,4A
40340,1525,1548,4A,4A
40380,1500,1528,4A,4A
40380,1525,1528,4A,4A
40380,1545,1837,4A,4A
40400,1525,1548,4A,4A
40400,1528,1815,4A,4A
40440,1524,1815,4A,4A
40460,1524,1815,4A,4A
40480,1524,1815,4A,4A
40560,1525,1528,4A,4A
40560,1618,1705,4A,4A
40660,1504,1525,4A,4A
40660,1545,1815,4A,4A
40660,1545,1837,4A,4A
40700,1503,1533,4A,4A
40700,1504,1525,4A,4A
40720,1500,1815,4A,4A
40720,1504,1705,4A,4A
40740,1546,1815,4A,4A
40740,1815,1837,4A,4A
40760,1533,1837,4A,4A
40760,1546,1837,4A,4A
40780,1500,1837,4A,4A
40780,1532,1533,4A,4A
40780,1546,1549,4A,4A
40800,1503,1528,4A,4A
40800,1503,1730,4A,4A
40800,1532,1549,4A,4A
40800,1545,1837,4A,4A
40800,1549,1815,4A,4A
40820,1504,1705,4A,4A
40820,1528,1532,4A,4A
40820,1545,1837,4A,4A
40840,1503,1528,4A,4A
40840,1503,1618,4A,4A
40840,1503,1815,4A,4A
40840,1532,1533,4A,4A
40840,1533,1618,4A,4A
40840,1730,1815,4A,4A
40860,1525,1549,4A,4A
40860,1532,1549,4A,4A
40880,1539,1815,4A,4A
40880,1618,1815,4A,4A
40880,1730,1815,4A,4A
40900,1730,1815,4A,4A
40920,1519,1538,4A,4A
40920,1538,1797,4A,4A
40940,1504,1519,4A,4A
40940,1532,1546,4A,4A
40940,1538,1797,4A,4A
40940,1730,1815,4A,4A
40960,1504,1545,4A,4A
40960,1524,1815,4A,4A
40960,1525,1549,4A,4A
40960,1532,1538,4A,4A
40960,1533,1545,4A,4A
40960,1533,1815,4A,4A
40980,1524,1815,4A,4A
40980,1533,1545,4A,4A
40980,1549,1815,4A,4A
41000,1500,1815,4A,4A
41000,1503,1528,4A,4A
41000,1503,1532,4A,4A
41000,1503,1549,4A,4A
41000,1524,1533,4A,4A
41000,1524,1545,4A,4A
41000,1533,1545,4A,4A
41020,1500,1503,4A,4A
41020,1503,1549,4A,4A
41020,1524,1815,4A,4A
41020,1545,1815,4A,4A
41040,1500,1503,4A,4A
41040,1500,1815,4A,4A
41040,1503,1524,4A,4A
41040,1503,1815,4A,4A
41040,1539,1815,4A,4A
41060,1500,1503,4A,4A
41080,1500,1503,4A,4A
41080,1503,1524,4A,4A
41080,1503,1533,4A,4A
41080,1503,1815,4A,4A
41100,1500,1503,4A,4A
41100,1503,1524,4A,4A
41100,1503,1533,4A,4A
41100,1524,1815,4A,4A
41100,1533,1815,4A,4A
41120,1500,1503,4A,4A
41120,1503,1524,4A,4A
41120,1503,1533,4A,4A
41120,1524,1533,4A,4A
41120,1528,1548,4A,4A
41140,1500,1503,4A,4A
41140,1500,1533,4A,4A
41140,1503,1524,4A,4A
41140,1503,1533,4A,4A
41140,1503,1545,4A,4A
41140,1525,1528,4A,4A
41140,1532,1815,4A,4A
41140,1533,1545,4A,4A
41140,1545,1837,4A,4A
41160,1500,1503,4A,4A
41160,1500,1533,4A,4A
41160,1500,1545,4A,4A
41160,1503,1533,4A,4A
41160,1503,1538,4A,4A
41160,1525,1528,4A,4A
41160,1525,1548,4A,4A
41160,1528,1548,4A,4A
41160,1528,1815,4A,4A
41160,1548,1815,4A,4A
41180,1500,1548,4A,4A
41180,1504,1815,4A,4A
41180,1525,1528,4A,4A
41180,1528,1548,4A,4A
41180,1533,1538,4A,4A
41180,1545,1815,4A,4A
41200,1500,1524,4A,4A
41200,1504,1528,4A,4A
41200,1524,1797,4A,4A
41200,1525,1528,4A,4A
41200,1525,1548,4A,4A
41200,1532,1533,4A,4A
41200,1705,1815,4A,4A
41200,1797,1815,4A,4A
41220,1503,1528,4A,4A
41220,1503,1730,4A,4A
41220,1504,1528,4A,4A
41220,1532,1533,4A,4A
41220,1546,1815,4A,4A
41220,1705,1797,4A,4A
41240,1528,1548,4A,4A
41240,1546,1705,4A,4A
41260,1524,1549,4A,4A
41260,1525,1528,4A,4A
41260,1528,1548,4A,4A
41260,1533,1549,4A,4A
41260,1546,1548,4A,4A
41280,1528,1548,4A,4A
41280,1546,1548,4A,4A
41300,1504,1524,4A,4A
41300,1525,1815,4A,4A
41300,1538,1815,4A,4A
41300,1546,1548,4A,4A
41320,1525,1815,4A,4A
41320,1538,1815,4A,4A
41340,1503,1730,4A,4A
41340,1525,1815,4A,4A
41340,1528,1548,4A,4A
41340,1538,1815,4A,4A
41340,1546,1548,4A,4A
41340,1705,1797,4A,4A
41360,1504,1705,4A,4A
41360,1525,1538,4A,4A
41360,1528,1538,4A,4A
41360,1546,1548,4A,4A
41380,1504,1545,4A,4A
41380,1504,1705,4A,4A
41380,1525,1546,4A,4A
41380,1525,1548,4A,4A
41380,1528,1797,4A,4A
41380,1705,1837,4A,4A
41400,1503,1730,4A,4A
41400,1528,1546,4A,4A
41400,1545,1705,4A,4A
41400,1545,1837,4A,4A
41400,1546,1548,4A,4A
41400,1705,1837,4A,4A
41420,1503,1730,4A,4A
41420,1532,1538,4A,4A
41420,1545,1837,4A,4A
41420,1618,1815,4A,4A
41420,1705,1837,4A,4A
41440,1532,1538,4A,4A
41440,1545,1837,4A,4A
41440,1618,1815,4A,4A
41460,1519,1533,4A,4A
41460,1532,1538,4A,4A
41460,1545,1837,4A,4A
41460,1730,1815,4A,4A
41480,1524,1533,4A,4A
41480,1532,1538,4A,4A
41480,1545,1837,4A,4A
41500,1524,1533,4A,4A
41500,1524,1705,4A,4A
41500,1545,1837,4A,4A
41500,1705,1837,4A,4A
41520,1500,1705,4A,4A
41520,1524,1533,4A,4A
41520,1524,1705,4A,4A
41520,1545,1837,4A,4A
41540,1500,1705,4A,4A
41540,1504,1548,4A,4A
41540,1504,1837,4A,4A
41540,1524,1533,4A,4A
41540,1524,1705,4A,4A
41540,1545,1837,4A,4A
41560,1500,1705,4A,4A
41560,1528,1548,4A,4A
41560,1545,1837,4A,4A
41580,1500,1538,4A,4A
41580,1504,1705,4A,4A
41600,1533,1545,4A,4A
41600,1538,1546,4A,4A
41600,1539,1837,4A,4A
41600,1545,1837,4A,4A
41620,1503,1524,4A,4A
41620,1504,1705,4A,4A
41620,1533,1545,4A,4A
41640,1533,1538,4A,4A
41640,1545,1837,4A,4A
41640,1618,1815,4A,4A
41660,1500,1546,4A,4A
41660,1528,1548,4A,4A
41660,1528,1705,4A,4A
41660,1533,1538,4A,4A
41660,1548,1705,4A,4A
41660,1730,1815,4A,4A
41680,1503,1730,4A,4A
41680,1528,1705,4A,4A
41680,1538,1546,4A,4A
41700,1503,1532,4A,4A
41700,1503,1546,4A,4A
41700,1503,1730,4A,4A
41700,1538,1546,4A,4A
41700,1545,1837,4A,4A
41700,1618,1815,4A,4A
41720,1503,1533,4A,4A
41720,1503,1546,4A,4A
41720,1533,1546,4A,4A
41720,1545,1837,4A,4A
41740,1503,1533,4A,4A
41740,1503,1546,4A,4A
41740,1503,1837,4A,4A
41740,1548,1837,4A,4A
41740,1730,1815,4A,4A
41760,1504,1548,4A,4A
41760,1730,1815,4A,4A
41780,1500,1548,4A,4A
41780,1500,1837,4A,4A
41780,1504,1705,4A,4A
41780,1532,1549,4A,4A
41780,1533,1837,4A,4A
41780,1548,1837,4A,4A
41780,1730,1815,4A,4A
41800,1500,1548,4A,4A
41800,1500,1837,4A,4A
41800,1532,1533,4A,4A
41800,1538,1837,4A,4A
41800,1548,1837,4A,4A
41800,1730,1815,4A,4A
41820,1500,1538,4A,4A
41820,1500,1548,4A,4A
41820,1533,1837,4A,4A
41820,1538,1837,4A,4A
41820,1730,1815,4A,4A
41840,1500,1548,4A,4A
41840,1538,1837,4A,4A
41840,1730,1815,4A,4A
41860,1500,1548,4A,4A
41860,1533,1539,4A,4A
41860,1533,1797,4A,4A
41860,1538,1837,4A,4A
41860,1797,1837,4A,4A
41880,1500,1548,4A,4A
41880,1533,1538,4A,4A
41880,1539,1548,4A,4A
41880,1548,1837,4A,4A
41900,1500,1533,4A,4A
41900,1500,1538,4A,4A
41900,1500,1837,4A,4A
41900,1533,1546,4A,4A
41900,1533,1837,4A,4A
41900,1538,1837,4A,4A
41900,1730,1815,4A,4A
41920,1533,1837,4A,4A
41920,1538,1539,4A,4A
41920,1538,1837,4A,4A
41940,1504,1797,4A,4A
41940,1533,1546,4A,4A
41940,1545,1546,4A,4A
41960,1533,1546,4A,4A
41960,1545,1546,4A,4A
41960,1546,1837,4A,4A
41980,1545,1546,4A,4A
41980,1548,1837,4A,4A
42000,1545,1546,4A,4A
42020,1546,1815,4A,4A
42020,1797,1837,4A,4A
42040,1532,1533,4A,4A
42040,1539,1815,4A,4A
42060,1504,1525,4A,4A
42060,1533,1797,4A,4A
42060,1539,1548,4A,4A
42080,1528,1546,4A,4A
42080,1532,1533,4A,4A
42080,1532,1549,4A,4A
42080,1533,1539,4A,4A
42080,1548,1815,4A,4A
42100,1503,1815,4A,4A
42100,1528,1815,4A,4A
42100,1532,1549,4A,4A
42100,1532,1797,4A,4A
42100,1533,1539,4A,4A
42100,1533,1548,4A,4A
42100,1730,1815,4A,4A
42120,1503,1730,4A,4A
42120,1528,1533,4A,4A
42120,1528,1815,4A,4A
42120,1533,1797,4A,4A
42140,1539,1548,4A,4A
42160,1539,1548,4A,4A
42180,1533,1539,4A,4A
42180,1533,1548,4A,4A
42180,1539,1546,4A,4A
42180,1539,1548,4A,4A
42180,1545,1837,4A,4A
42180,1546,1548,4A,4A
42200,1533,1539,4A,4A
42200,1533,1548,4A,4A
42200,1533,1837,4A,4A
42200,1539,1548,4A,4A
42200,1539,1837,4A,4A
42220,1533,1548,4A,4A
42220,1533,1837,4A,4A
42220,1539,1548,4A,4A
42220,1815,1837,4A,4A
42240,1533,1539,4A,4A
42240,1539,1548,4A,4A
42260,1500,1548,4A,4A
42260,1500,1815,4A,4A
42260,1500,1837,4A,4A
42260,1503,1730,4A,4A
42260,1533,1815,4A,4A
42260,1539,1548,4A,4A
42260,1539,1815,4A,4A
42260,1548,1815,4A,4A
42280,1500,1549,4A,4A
42280,1500,1837,4A,4A
42280,1503,1730,4A,4A
42280,1548,1549,4A,4A
42300,1500,1539,4A,4A
42300,1500,1837,4A,4A
42300,1503,1730,4A,4A
42320,1519,1546,4A,4A
42320,1532,1533,4A,4A
42320,1539,1837,4A,4A
42400,1525,1797,4A,4A
42400,1548,1797,4A,4A
42420,1504,1797,4A,4A
42480,1504,1546,4A,4A
42480,1525,1730,4A,4A
42500,1500,1730,4A,4A
42500,1525,1528,4A,4A
42520,1500,1546,4A,4A
42520,1528,1533,4A,4A
42520,1528,1545,4A,4A
42520,1533,1797,4A,4A
42540,1500,1503,4A,4A
42540,1500,1528,4A,4A
42540,1503,1815,4A,4A
42540,1504,1528,4A,4A
42540,1504,1705,4A,4A
42540,1532,1533,4A,4A
42540,1545,1705,4A,4A
42560,1500,1528,4A,4A
42560,1503,1815,4A,4A
42560,1504,1705,4A,4A
42560,1525,1837,4A,4A
42560,1533,1538,4A,4A
42560,1545,1837,4A,4A
42560,1705,1837,4A,4A
42580,1503,1730,4A,4A
42580,1503,1815,4A,4A
42580,1524,1545,4A,4A
42580,1524,1705,4A,4A
42580,1524,1730,4A,4A
42580,1528,1538,4A,4A
42580,1532,1538,4A,4A
42580,1533,1730,4A,4A
42580,1538,1539,4A,4A
42580,1545,1705,4A,4A
42580,1730,1815,4A,4A
42600,1503,1533,4A,4A
42600,1503,1538,4A,4A
42600,1504,1837,4A,4A
42600,1524,1545,4A,4A
42600,1524,1705,4A,4A
42600,1545,1705,4A,4A
42620,1500,1503,4A,4A
42620,1500,1528,4A,4A
42620,1503,1528,4A,4A
42620,1503,1538,4A,4A
42620,1503,1815,4A,4A
42620,1504,1533,4A,4A
42620,1504,1705,4A,4A
42620,1524,1538,4A,4A
42620,1705,1837,4A,4A
42640,1500,1538,4A,4A
42640,1533,1538,4A,4A
42640,1533,1815,4A,4A
42640,1538,1705,4A,4A
42640,1705,1815,4A,4A
42660,1500,1503,4A,4A
42660,1500,1705,4A,4A
42660,1503,1533,4A,4A
42660,1528,1730,4A,4A
42660,1528,1797,4A,4A
42660,1533,1539,4A,4A
42660,1533,1705,4A,4A
42660,1705,1815,4A,4A
42660,1705,1837,4A,4A
42660,1730,1797,4A,4A
42660,1815,1837,4A,4A
42680,1500,1797,4A,4A
42680,1500,1837,4A,4A
42680,1503,1815,4A,4A
42680,1528,1533,4A,4A
42680,1528,1730,4A,4A
42680,1533,1730,4A,4A
42680,1539,1705,4A,4A
42680,1730,1797,4A,4A
42680,1730,1837,4A,4A
42700,1500,1705,4A,4A
42700,1500,1730,4A,4A
42700,1503,1528,4A,4A
42700,1503,1533,4A,4A
42700,1503,1815,4A,4A
42700,1528,1815,4A,4A
42700,1533,1815,4A,4A
42700,1705,1837,4A,4A
42720,1500,1837,4A,4A
42720,1503,1528,4A,4A
42720,1503,1533,4A,4A
42720,1504,1532,4A,4A
42720,1504,1549,4A,4A
42720,1528,1533,4A,4A
42720,1533,1837,4A,4A
42720,1705,1797,4A,4A
42720,1705,1837,4A,4A
42740,1500,1539,4A,4A
42740,1500,1837,4A,4A
42740,1503,1528,4A,4A
42740,1503,1533,4A,4A
42740,1503,1815,4A,4A
42740,1528,1533,4A,4A
42740,1528,1815,4A,4A
42740,1532,1730,4A,4A
42740,1533,1815,4A,4A
42740,1705,1837,4A,4A
42760,1500,1837,4A,4A
42760,1503,1528,4A,4A
42760,1503,1533,4A,4A
42760,1503,1815,4A,4A
42760,1528,1815,4A,4A
42760,1539,1837,4A,4A
42780,1500,1837,4A,4A
42780,1503,1533,4A,4A
42780,1503,1815,4A,4A
42800,1500,1539,4A,4A
42800,1500,1705,4A,4A
42800,1500,1837,4A,4A
42800,1503,1815,4A,4A
42800,1528,1815,4A,4A
42800,1532,1549,4A,4A
42800,1730,1797,4A,4A
42820,1500,1533,4A,4A
42820,1500,1705,4A,4A
42820,1500,1730,4A,4A
42820,1500,1837,4A,4A
42820,1519,1730,4A,4A
42820,1528,1815,4A,4A
42840,1500,1533,4A,4A
42840,1528,1815,4A,4A
42840,1533,1705,4A,4A
42840,1533,1797,4A,4A
42840,1533,1837,4A,4A
42860,1500,1533,4A,4A
42860,1500,1705,4A,4A
42860,1503,1815,4A,4A
42860,1528,1815,4A,4A
42860,1533,1539,4A,4A
42860,1549,1730,4A,4A
42860,1705,1797,4A,4A
42880,1500,1533,4A,4A
42880,1503,1533,4A,4A
42880,1503,1815,4A,4A
42880,1533,1815,4A,4A
42880,1705,1797,4A,4A
42880,1705,1837,4A,4A
42900,1500,1705,4A,4A
42900,1528,1815,4A,4A
42900,1533,1539,4A,4A
42900,1705,1837,4A,4A
42940,1500,1539,4A,4A
42940,1500,1705,4A,4A
42940,1500,1837,4A,4A
42940,1503,1539,4A,4A
42940,1528,1815,4A,4A
42940,1533,1815,4A,4A
42940,1549,1730,4A,4A
42960,1500,1837,4A,4A
42960,1503,1528,4A,4A
42960,1503,1815,4A,4A
42960,1528,1815,4A,4A
42960,1549,1730,4A,4A
42980,1500,1837,4A,4A
42980,1503,1528,4A,4A
42980,1503,1539,4A,4A
42980,1503,1815,4A,4A
42980,1528,1539,4A,4A
42980,1528,1815,4A,4A
43000,1500,1528,4A,4A
43000,1500,1837,4A,4A
43000,1503,1815,4A,4A
43020,1500,1532,4A,4A
43020,1500,1837,4A,4A
43020,1503,1815,4A,4A
43020,1528,1533,4A,4A
43020,1533,1730,4A,4A
43020,1539,1549,4A,4A
43040,1500,1705,4A,4A
43040,1500,1837,4A,4A
43040,1503,1815,4A,4A
43040,1528,1539,4A,4A
43060,1500,1797,4A,4A
43060,1503,1815,4A,4A
43060,1519,1533,4A,4A
43060,1705,1797,4A,4A
43060,1705,1837,4A,4A
43080,1500,1528,4A,4A
43080,1503,1539,4A,4A
43080,1503,1815,4A,4A
43080,1528,1837,4A,4A
43080,1539,1815,4A,4A
43080,1705,1797,4A,4A
43080,1705,1815,4A,4A
43100,1503,1539,4A,4A
43100,1519,1533,4A,4A
43100,1528,1705,4A,4A
43100,1532,1533,4A,4A
43100,1705,1797,4A,4A
43120,1503,1539,4A,4A
43120,1532,1533,4A,4A
43120,1705,1797,4A,4A
43140,1500,1503,4A,4A
43140,1500,1837,4A,4A
43140,1503,1539,4A,4A
43140,1503,1815,4A,4A
43140,1539,1815,4A,4A
43160,1500,1837,4A,4A
43160,1503,1539,4A,4A
43160,1503,1815,4A,4A
43160,1539,1815,4A,4A
43160,1730,1837,4A,4A
43180,1503,1539,4A,4A
43180,1503,1815,4A,4A
43180,1532,1533,4A,4A
43200,1500,1837,4A,4A
43200,1503,1815,4A,4A
43200,1532,1533,4A,4A
43200,1539,1815,4A,4A
43220,1500,1837,4A,4A
43220,1532,1533,4A,4A
43240,1503,1539,4A,4A
43240,1532,1533,4A,4A
43260,1503,1539,4A,4A
43260,1532,1533,4A,4A
43320,1503,1539,4A,4A
43320,1503,1815,4A,4A
43320,1539,1815,4A,4A
43340,1532,1533,4A,4A
43340,1705,1797,4A,4A
43360,1503,1815,4A,4A
43380,1503,1539,4A,4A
43380,1503,1815,4A,4A
43400,1503,1539,4A,4A
43400,1503,1815,4A,4A
43400,1539,1815,4A,4A
43420,1539,1815,4A,4A
43440,1539,1815,4A,4A
43460,1503,1815,4A,4A
43460,1539,1815,4A,4A
43480,1503,1815,4A,4A
43480,1539,1815,4A,4A
43500,1503,1539,4A,4A
43500,1503,1815,4A,4A
43500,1539,1815,4A,4A
43520,1503,1815,4A,4A
43540,1503,1539,4A,4A
43540,1503,1815,4A,4A
43560,1503,1815,4A,4A
43560,1519,1533,4A,4A
43560,1532,1837,4A,4A
43580,1503,1815,4A,4A
43600,1503,1815,4A,4A
43600,1539,1815,4A,4A
43620,1503,1815,4A,4A
43620,1532,1837,4A,4A
43640,1503,1539,4A,4A
43640,1503,1815,4A,4A
43660,1503,1539,4A,4A
43740,1500,1837,4A,4A
43760,1503,1539,4A,4A
43760,1539,1815,4A,4A
43780,1503,1539,4A,4A
43780,1503,1815,4A,4A
43780,1539,1815,4A,4A
43800,1503,1815,4A,4A
43800,1539,1815,4A,4A
43800,1549,1730,4A,4A
43820,1503,1815,4A,4A
43820,1549,1730,4A,4A
43840,1503,1528,4A,4A
43840,1533,1549,4A,4A
43840,1549,1730,4A,4A
43860,1503,1815,4A,4A
43880,1503,1549,4A,4A
43880,1503,1730,4A,4A
43880,1528,1532,4A,4A
43880,1549,1730,4A,4A
43900,1549,1730,4A,4A
43900,1797,1837,4A,4A
43920,1503,1539,4A,4A
43920,1503,1549,4A,4A
43920,1503,1815,4A,4A
43940,1503,1549,4A,4A
43940,1503,1730,4A,4A
43940,1503,1815,4A,4A
43940,1539,1815,4A,4A
43960,1503,1539,4A,4A
43960,1503,1815,4A,4A
43980,1503,1533,4A,4A
43980,1503,1815,4A,4A
43980,1539,1815,4A,4A
43980,1549,1730,4A,4A
44000,1503,1533,4A,4A
44000,1503,1815,4A,4A
44000,1533,1815,4A,4A
44000,1539,1815,4A,4A
44000,1549,1730,4A,4A
44020,1503,1533,4A,4A
44020,1533,1815,4A,4A
44040,1533,1539,4A,4A
44040,1533,1815,4A,4A
44040,1549,1730,4A,4A
44060,1503,1815,4A,4A
44060,1532,1705,4A,4A
44060,1533,1539,4A,4A
44060,1539,1815,4A,4A
44060,1549,1730,4A,4A
44080,1503,1815,4A,4A
44080,1532,1705,4A,4A
44080,1549,1730,4A,4A
44080,1730,1815,4A,4A
44100,1503,1533,4A,4A
44100,1503,1815,4A,4A
44100,1549,1730,4A,4A
44120,1500,1837,4A,4A
44120,1503,1533,4A,4A
44120,1503,1815,4A,4A
44120,1533,1815,4A,4A
44120,1549,1730,4A,4A
44140,1500,1837,4A,4A
44140,1503,1533,4A,4A
44140,1503,1539,4A,4A
44140,1503,1815,4A,4A
44140,1528,1797,4A,4A
44140,1528,1837,4A,4A
44140,1533,1539,4A,4A
44140,1533,1815,4A,4A
44140,1539,1815,4A,4A
44140,1797,1837,4A,4A
44160,1503,1533,4A,4A
44160,1503,1815,4A,4A
44160,1519,1533,4A,4A
44160,1533,1539,4A,4A
44160,1533,1815,4A,4A
44160,1797,1837,4A,4A
44200,1500,1797,4A,4A
44200,1500,1837,4A,4A
44200,1528,1837,4A,4A
44200,1533,1815,4A,4A
44220,1528,1837,4A,4A
44220,1532,1533,4A,4A
44220,1797,1837,4A,4A
44240,1500,1528,4A,4A
44240,1532,1533,4A,4A
44240,1797,1837,4A,4A
44260,1519,1533,4A,4A
44260,1549,1730,4A,4A
44280,1533,1539,4A,4A
44280,1533,1815,4A,4A
44280,1549,1730,4A,4A
44280,1797,1837,4A,4A
44300,1500,1528,4A,4A
44300,1539,1815,4A,4A
44300,1549,1730,4A,4A
44320,1503,1539,4A,4A
44320,1503,1815,4A,4A
44320,1528,1797,4A,4A
44320,1528,1837,4A,4A
44320,1539,1815,4A,4A
44320,1549,1730,4A,4A
44340,1503,1539,4A,4A
44340,1503,1815,4A,4A
44340,1532,1533,4A,4A
44340,1539,1815,4A,4A
44360,1503,1539,4A,4A
44360,1503,1815,4A,4A
44360,1539,1815,4A,4A
44360,1549,1730,4A,4A
44380,1503,1539,4A,4A
44380,1549,1730,4A,4A
44400,1503,1539,4A,4A
44400,1539,1815,4A,4A
44420,1500,1528,4A,4A
44420,1503,1815,4A,4A
44420,1539,1815,4A,4A
44440,1503,1539,4A,4A
44440,1503,1815,4A,4A
44440,1519,1533,4A,4A
44440,1532,1533,4A,4A
44440,1539,1815,4A,4A
44460,1503,1539,4A,4A
44460,1503,1815,4A,4A
44460,1519,1533,4A,4A
44460,1532,1533,4A,4A
44480,1503,1539,4A,4A
44500,1503,1539,4A,4A
44500,1528,1797,4A,4A
44500,1528,1837,4A,4A
44500,1539,1815,4A,4A
44520,1500,1797,4A,4A
44520,1503,1539,4A,4A
44540,1503,1539,4A,4A
44540,1503,1815,4A,4A
44540,1539,1815,4A,4A
44560,1503,1539,4A,4A
44560,1503,1815,4A,4A
44560,1539,1815,4A,4A
44580,1503,1539,4A,4A
44580,1503,1815,4A,4A
44600,1503,1815,4A,4A
44600,1528,1837,4A,4A
44620,1503,1815,4A,4A
44620,1528,1837,4A,4A
44620,1539,1815,4A,4A
44620,1549,1730,4A,4A
44640,1503,1539,4A,4A
44640,1503,1815,4A,4A
44640,1539,1815,4A,4A
44640,1549,1730,4A,4A
44640,1797,1837,4A,4A
44660,1503,1815,4A,4A
44660,1528,1797,4A,4A
44660,1528,1837,4A,4A
44680,1503,1815,4A,4A
44680,1705,1730,4A,4A
44700,1503,1539,4A,4A
44700,1528,1797,4A,4A
44720,1500,1797,4A,4A
44720,1503,1539,4A,4A
44720,1503,1815,4A,4A
44720,1549,1705,4A,4A
44740,1503,1815,4A,4A
44740,1519,1528,4A,4A
44740,1528,1797,4A,4A
44760,1539,1815,4A,4A
44780,1503,1539,4A,4A
44780,1503,1815,4A,4A
44780,1528,1797,4A,4A
44780,1539,1815,4A,4A
44800,1503,1815,4A,4A
44800,1528,1797,4A,4A
44800,1539,1815,4A,4A
44820,1503,1539,4A,4A
44820,1503,1815,4A,4A
44820,1539,1815,4A,4A
44840,1503,1539,4A,4A
44860,1528,1837,4A,4A
44880,1503,1815,4A,4A
44880,1532,1533,4A,4A
44880,1797,1837,4A,4A
44900,1503,1815,4A,4A
44900,1539,1815,4A,4A
44920,1503,1539,4A,4A
44920,1503,1815,4A,4A
44920,1797,1837,4A,4A
44940,1503,1528,4A,4A
44940,1539,1815,4A,4A
44940,1549,1730,4A,4A
44960,1503,1539,4A,4A
44960,1503,1815,4A,4A
44960,1528,1837,4A,4A
44960,1549,1730,4A,4A
44980,1503,1539,4A,4A
45000,1503,1539,4A,4A
45000,1503,1815,4A,4A
45020,1503,1815,4A,4A
45020,1532,1533,4A,4A
45020,1539,1815,4A,4A
45020,1549,1705,4A,4A
45040,1539,1815,4A,4A
45060,1797,1837,4A,4A
45080,1539,1815,4A,4A
45100,1500,1797,4A,4A
45100,1528,1705,4A,4A
45100,1533,1815,4A,4A
45100,1539,1815,4A,4A
45120,1503,1539,4A,4A
45120,1539,1815,4A,4A
45140,1503,1539,4A,4A
45140,1503,1815,4A,4A
45140,1528,1705,4A,4A
45140,1539,1815,4A,4A
45140,1549,1730,4A,4A
45160,1503,1539,4A,4A
45160,1503,1815,4A,4A
45160,1539,1815,4A,4A
45160,1549,1705,4A,4A
45180,1519,1533,4A,4A
45180,1549,1705,4A,4A
45200,1503,1815,4A,4A
45200,1549,1705,4A,4A
45220,1503,1815,4A,4A
45220,1532,1533,4A,4A
45220,1539,1815,4A,4A
45220,1797,1837,4A,4A
45240,1503,1837,4A,4A
45240,1532,1533,4A,4A
45280,1503,1815,4A,4A
45280,1519,1533,4A,4A
45300,1519,1532,4A,4A
45300,1539,1815,4A,4A
45300,1549,1705,4A,4A
45320,1500,1797,4A,4A
45320,1500,1837,4A,4A
45320,1549,1705,4A,4A
45360,1500,1837,4A,4A
45360,1503,1815,4A,4A
45380,1797,1837,4A,4A
45400,1549,1705,4A,4A
45420,1503,1837,4A,4A
45420,1549,1705,4A,4A
45460,1500,1539,4A,4A
45460,1503,1815,4A,4A
45480,1532,1533,4A,4A
45500,1532,1533,4A,4A
45680,1815,1837,4A,4A
45700,1815,1837,4A,4A
45740,1528,1549,4A,4A
45740,1532,1533,4A,4A
45760,1532,1533,4A,4A
45780,1539,1797,4A,4A
45820,1539,1797,4A,4A
45840,1500,1797,4A,4A
45840,1503,1815,4A,4A
45840,1532,1533,4A,4A
45840,1539,1837,4A,4A
45860,1503,1815,4A,4A
45860,1539,1837,4A,4A
45880,1500,1797,4A,4A
45940,1539,1837,4A,4A
45980,1528,1705,4A,4A
45980,1532,1533,4A,4A
46000,1500,1549,4A,4A
46000,1503,1815,4A,4A
46000,1519,1532,4A,4A
46000,1519,1533,4A,4A
46020,1500,1815,4A,4A
46020,1500,1837,4A,4A
46040,1503,1815,4A,4A
46040,1532,1533,4A,4A
46040,1797,1837,4A,4A
46060,1797,1837,4A,4A
46080,1500,1837,4A,4A
46120,1500,1797,4A,4A
46140,1500,1837,4A,4A
46140,1519,1533,4A,4A
46160,1500,1837,4A,4A
46160,1503,1815,4A,4A
46180,1500,1837,4A,4A
46180,1503,1815,4A,4A
46200,1500,1837,4A,4A
46200,1519,1533,4A,4A
46220,1500,1837,4A,4A
46220,1519,1533,4A,4A
46240,1500,1837,4A,4A
46240,1549,1837,4A,4A
46280,1500,1837,4A,4A
46280,1528,1705,4A,4A
46280,1549,1837,4A,4A
46280,1705,1730,4A,4A
46300,1500,1539,4A,4A
46300,1532,1533,4A,4A
46340,1500,1837,4A,4A
46340,1528,1705,4A,4A
46340,1532,1533,4A,4A
46360,1500,1797,4A,4A
46360,1528,1705,4A,4A
46360,1815,1837,4A,4A
46380,1500,1797,4A,4A
46380,1500,1837,4A,4A
46380,1519,1730,4A,4A
46380,1533,1730,4A,4A
46380,1539,1837,4A,4A
46400,1500,1797,4A,4A
46420,1500,1837,4A,4A
46420,1519,1730,4A,4A
46440,1500,1837,4A,4A
46440,1519,1533,4A,4A
46480,1503,1815,4A,4A
46480,1797,1837,4A,4A
46500,1500,1797,4A,4A
46500,1500,1837,4A,4A
46500,1797,1837,4A,4A
46520,1500,1837,4A,4A
46520,1503,1815,4A,4A
46540,1500,1837,4A,4A
46540,1503,1815,4A,4A
46560,1503,1815,4A,4A
46580,1500,1797,4A,4A
46580,1500,1837,4A,4A
46580,1503,1815,4A,4A
46600,1500,1837,4A,4A
46600,1503,1815,4A,4A
46600,1528,1705,4A,4A
46620,1503,1815,4A,4A
46620,1519,1533,4A,4A
46620,1528,1705,4A,4A
46640,1500,1797,4A,4A
46640,1500,1837,4A,4A
46640,1503,1815,4A,4A
46640,1528,1705,4A,4A
46660,1500,1797,4A,4A
46660,1503,1815,4A,4A
46680,1500,1837,4A,4A
46680,1503,1815,4A,4A
46680,1528,1705,4A,4A
46700,1500,1797,4A,4A
46700,1500,1837,4A,4A
46700,1503,1815,4A,4A
46720,1500,1837,4A,4A
46720,1503,1815,4A,4A
46740,1500,1797,4A,4A
46740,1528,1705,4A,4A
46760,1503,1815,4A,4A
46780,1503,1815,4A,4A
46780,1730,1815,4A,4A
46800,1503,1815,4A,4A
46820,1503,1815,4A,4A
46840,1503,1815,4A,4A
46860,1503,1815,4A,4A
46860,1797,1837,4A,4A
46880,1503,1815,4A,4A
46880,1549,1837,4A,4A
46900,1549,1837,4A,4A
46920,1503,1815,4A,4A
46920,1549,1837,4A,4A
46940,1519,1533,4A,4A
46940,1539,1797,4A,4A
46940,1797,1837,4A,4A
46960,1500,1549,4A,4A
46960,1519,1533,4A,4A
46980,1500,1549,4A,4A
46980,1519,1533,4A,4A
47000,1519,1533,4A,4A
47020,1503,1815,4A,4A
47020,1528,1705,4A,4A
47040,1519,1533,4A,4A
47040,1528,1705,4A,4A
47060,1519,1533,4A,4A
47060,1528,1705,4A,4A
47080,1519,1533,4A,4A
47080,1528,1705,4A,4A
47080,1533,1705,4A,4A
47100,1519,1533,4A,4A
47100,1539,1837,4A,4A
47140,1503,1815,4A,4A
47140,1528,1705,4A,4A
47160,1500,1837,4A,4A
47160,1503,1815,4A,4A
47160,1519,1533,4A,4A
47160,1528,1705,4A,4A
47160,1533,1539,4A,4A
47160,1549,1730,4A,4A
47180,1503,1815,4A,4A
47180,1533,1539,4A,4A
47200,1519,1533,4A,4A
47220,1528,1705,4A,4A
47240,1500,1837,4A,4A
47240,1503,1815,4A,4A
47240,1528,1705,4A,4A
47240,1539,1730,4A,4A
47260,1532,1549,4A,4A
47260,1533,1837,4A,4A
47260,1539,1730,4A,4A
47280,1528,1705,4A,4A
47280,1528,1730,4A,4A
47280,1533,1837,4A,4A
47280,1539,1705,4A,4A
47280,1539,1730,4A,4A
47300,1503,1815,4A,4A
47300,1528,1705,4A,4A
47300,1533,1837,4A,4A
47300,1539,1549,4A,4A
47320,1500,1730,4A,4A
47320,1533,1837,4A,4A
47340,1500,1528,4A,4A
47340,1528,1705,4A,4A
47340,1533,1837,4A,4A
47360,1500,1528,4A,4A
47360,1500,1533,4A,4A
47360,1528,1705,4A,4A
47380,1519,1533,4A,4A
47380,1528,1705,4A,4A
47380,1532,1837,4A,4A
47400,1528,1705,4A,4A
47400,1539,1815,4A,4A
47400,1549,1837,4A,4A
47420,1528,1705,4A,4A
47420,1532,1837,4A,4A
47420,1549,1837,4A,4A
47440,1532,1837,4A,4A
47480,1503,1533,4A,4A
47500,1503,1815,4A,4A
47600,1549,1730,4A,4A
47620,1549,1730,4A,4A
47640,1500,1528,4A,4A
47660,1549,1730,4A,4A
47680,1528,1705,4A,4A
47740,1549,1730,4A,4A
47760,1528,1705,4A,4A
47760,1549,1730,4A,4A
47820,1503,1815,4A,4A
47840,1503,1815,4A,4A
47920,1503,1815,4A,4A
47940,1503,1815,4A,4A
48060,1503,1815,4A,4A
48080,1549,1730,4A,4A
48140,1503,1815,4A,4A
48160,1503,1815,4A,4A
48220,1503,1539,4A,4A
48220,1528,1705,4A,4A
48220,1539,1815,4A,4A
48240,1503,1539,4A,4A
48340,1528,1705,4A,4A
48380,1503,1539,4A,4A
48460,1539,1815,4A,4A
48600,1539,1837,4A,4A
48640,1503,1815,4A,4A
48660,1500,1528,4A,4A
48720,1528,1705,4A,4A
48760,1528,1705,4A,4A
48800,1528,1705,4A,4A
48800,1532,1837,4A,4A
48820,1500,1705,4A,4A
48820,1503,1815,4A,4A
48820,1528,1705,4A,4A
48840,1500,1528,4A,4A
48840,1500,1705,4A,4A
48840,1528,1705,4A,4A
48860,1500,1528,4A,4A
48860,1500,1705,4A,4A
48860,1528,1705,4A,4A
48880,1528,1705,4A,4A
48900,1528,1705,4A,4A
48920,1528,1705,4A,4A
48940,1528,1705,4A,4A
48940,1549,1730,4A,4A
48960,1528,1705,4A,4A
48980,1528,1705,4A,4A
49000,1528,1705,4A,4A
49020,1528,1705,4A,4A
49040,1528,1705,4A,4A
49060,1528,1705,4A,4A
49080,1528,1705,4A,4A
49100,1528,1705,4A,4A
49120,1503,1815,4A,4A
49120,1528,1705,4A,4A
49140,1503,1815,4A,4A
49140,1528,1705,4A,4A
49160,1500,1528,4A,4A
49160,1503,1815,4A,4A
49160,1528,1705,4A,4A
49180,1500,1528,4A,4A
49200,1528,1705,4A,4A
49220,1503,1539,4A,4A
49280,1503,1815,4A,4A
49280,1528,1705,4A,4A
49300,1503,1815,4A,4A
49320,1503,1539,4A,4A
49320,1503,1815,4A,4A
49320,1519,1528,4A,4A
49320,1528,1705,4A,4A
49340,1519,1528,4A,4A
49360,1503,1815,4A,4A
49380,1528,1705,4A,4A
49400,1500,1528,4A,4A
49400,1503,1815,4A,4A
49460,1528,1705,4A,4A
49480,1528,1705,4A,4A
49520,1503,1815,4A,4A
49520,1528,1705,4A,4A
49560,1503,1539,4A,4A
49560,1528,1705,4A,4A
49560,1532,1837,4A,4A
49580,1528,1705,4A,4A
49600,1528,1705,4A,4A
49600,1532,1837,4A,4A
49620,1500,1528,4A,4A
49620,1500,1705,4A,4A
49620,1528,1705,4A,4A
49620,1532,1837,4A,4A
49640,1532,1837,4A,4A
49660,1528,1705,4A,4A
49680,1532,1837,4A,4A
49700,1500,1705,4A,4A
49740,1500,1528,4A,4A
49740,1503,1539,4A,4A
49820,1539,1815,4A,4A
49860,1503,1815,4A,4A
49880,1503,1815,4A,4A
49920,1528,1705,4A,4A
49940,1549,1730,4A,4A
49960,1528,1705,4A,4A
49960,1549,1730,4A,4A
49980,1528,1705,4A,4A
49980,1528,1797,4A,4A
49980,1539,1815,4A,4A
50000,1539,1815,4A,4A
50000,1549,1730,4A,4A
50020,1503,1539,4A,4A
50020,1503,1815,4A,4A
50020,1519,1533,4A,4A
50020,1549,1730,4A,4A
50040,1503,1539,4A,4A
50040,1549,1730,4A,4A
50060,1519,1533,4A,4A
50060,1539,1815,4A,4A
50060,1549,1730,4A,4A
50080,1528,1705,4A,4A
50080,1549,1730,4A,4A
50100,1528,1705,4A,4A
50120,1528,1705,4A,4A
50140,1528,1705,4A,4A
50140,1539,1815,4A,4A
50140,1549,1730,4A,4A
50160,1528,1705,4A,4A
50160,1549,1730,4A,4A
50180,1539,1815,4A,4A
50200,1500,1539,4A,4A
50200,1503,1539,4A,4A
50220,1503,1815,4A,4A
50240,1500,1539,4A,4A
50240,1500,1837,4A,4A
50260,1500,1837,4A,4A
50260,1549,1730,4A,4A
50280,1549,1730,4A,4A
50300,1500,1503,4A,4A
50320,1549,1730,4A,4A
50340,1503,1815,4A,4A
50340,1549,1730,4A,4A
50360,1503,1815,4A,4A
50360,1528,1532,4A,4A
50380,1500,1815,4A,4A
50380,1503,1539,4A,4A
50380,1528,1532,4A,4A
50380,1539,1815,4A,4A
50380,1549,1730,4A,4A
50400,1503,1815,4A,4A
50400,1549,1730,4A,4A
50420,1539,1815,4A,4A
50440,1533,1549,4A,4A
50460,1500,1539,4A,4A
50480,1500,1539,4A,4A
50480,1500,1815,4A,4A
50480,1815,1837,4A,4A
50500,1500,1503,4A,4A
50500,1500,1539,4A,4A
50520,1500,1503,4A,4A
50520,1500,1539,4A,4A
50520,1503,1539,4A,4A
50540,1500,1539,4A,4A
50540,1519,1533,4A,4A
50560,1500,1539,4A,4A
50560,1503,1539,4A,4A
50560,1532,1837,4A,4A
50580,1500,1503,4A,4A
50580,1500,1539,4A,4A
50600,1500,1503,4A,4A
50600,1500,1539,4A,4A
50600,1503,1539,4A,4A
50620,1500,1539,4A,4A
50620,1503,1539,4A,4A
50620,1519,1533,4A,4A
50640,1500,1539,4A,4A
50660,1500,1503,4A,4A
50660,1500,1539,4A,4A
50660,1503,1539,4A,4A
50680,1500,1539,4A,4A
50680,1503,1539,4A,4A
50700,1500,1539,4A,4A
50720,1503,1815,4A,4A
50720,1519,1815,4A,4A
50740,1503,1815,4A,4A
50740,1519,1539,4A,4A
50740,1528,1539,4A,4A
50740,1528,1705,4A,4A
50740,1532,1797,4A,4A
50740,1539,1815,4A,4A
50740,1549,1730,4A,4A
50760,1500,1539,4A,4A
50760,1503,1539,4A,4A
50760,1528,1532,4A,4A
50760,1528,1705,4A,4A
50760,1528,1797,4A,4A
50760,1532,1797,4A,4A
50760,1549,1730,4A,4A
50760,1705,1797,4A,4A
50780,1500,1519,4A,4A
50780,1500,1528,4A,4A
50780,1500,1797,4A,4A
50780,1503,1539,4A,4A
50780,1519,1528,4A,4A
50780,1528,1797,4A,4A
50780,1539,1815,4A,4A
50780,1549,1730,4A,4A
50800,1500,1519,4A,4A
50800,1500,1528,4A,4A
50800,1539,1705,4A,4A
50800,1539,1815,4A,4A
50800,1549,1730,4A,4A
50820,1500,1519,4A,4A
50820,1500,1528,4A,4A
50820,1500,1837,4A,4A
50820,1503,1815,4A,4A
50820,1519,1528,4A,4A
50820,1539,1705,4A,4A
50820,1539,1797,4A,4A
50820,1705,1797,4A,4A
50820,1797,1815,4A,4A
50840,1500,1528,4A,4A
50840,1500,1705,4A,4A
50840,1500,1797,4A,4A
50840,1519,1539,4A,4A
50840,1519,1705,4A,4A
50840,1528,1705,4A,4A
50840,1528,1837,4A,4A
50840,1549,1730,4A,4A
50840,1705,1797,4A,4A
50840,1797,1815,4A,4A
50860,1500,1528,4A,4A
50860,1500,1705,4A,4A
50860,1500,1797,4A,4A
50860,1528,1705,4A,4A
50860,1539,1815,4A,4A
50860,1549,1730,4A,4A
50860,1705,1797,4A,4A
50880,1500,1528,4A,4A
50880,1500,1705,4A,4A
50880,1500,1797,4A,4A
50880,1528,1705,4A,4A
50880,1533,1549,4A,4A
50880,1533,1730,4A,4A
50880,1539,1815,4A,4A
50880,1549,1730,4A,4A
50900,1549,1730,4A,4A
50940,1503,1539,4A,4A
50940,1528,1705,4A,4A
50940,1539,1815,4A,4A
50960,1500,1797,4A,4A
50960,1528,1797,4A,4A
50960,1549,1730,4A,4A
50980,1500,1528,4A,4A
50980,1500,1705,4A,4A
50980,1500,1837,4A,4A
50980,1503,1539,4A,4A
50980,1528,1705,4A,4A
50980,1539,1815,4A,4A
50980,1549,1730,4A,4A
51000,1500,1797,4A,4A
51000,1503,1539,4A,4A
51000,1528,1705,4A,4A
51000,1528,1797,4A,4A
51000,1539,1815,4A,4A
51000,1705,1797,4A,4A
51020,1500,1705,4A,4A
51020,1503,1539,4A,4A
51020,1519,1797,4A,4A
51020,1519,1815,4A,4A
51020,1528,1705,4A,4A
51020,1528,1797,4A,4A
51020,1533,1705,4A,4A
51020,1539,1815,4A,4A
51020,1549,1730,4A,4A
51040,1500,1519,4A,4A
51040,1503,1539,4A,4A
51040,1519,1528,4A,4A
51040,1528,1797,4A,4A
51040,1539,1815,4A,4A
51040,1797,1815,4A,4A
51060,1519,1815,4A,4A
51060,1528,1705,4A,4A
51060,1528,1797,4A,4A
51060,1705,1797,4A,4A
51080,1500,1528,4A,4A
51080,1500,1797,4A,4A
51080,1519,1815,4A,4A
51080,1528,1797,4A,4A
51080,1533,1539,4A,4A
51080,1539,1815,4A,4A
51080,1549,1730,4A,4A
51100,1500,1705,4A,4A
51100,1503,1528,4A,4A
51100,1519,1528,4A,4A
51100,1519,1815,4A,4A
51100,1539,1797,4A,4A
51120,1500,1528,4A,4A
51120,1500,1539,4A,4A
51120,1503,1528,4A,4A
51120,1549,1730,4A,4A
51120,1730,1797,4A,4A
51140,1500,1533,4A,4A
51140,1500,1539,4A,4A
51140,1500,1705,4A,4A
51140,1528,1815,4A,4A
51140,1539,1815,4A,4A
51140,1545,1705,4A,4A
51160,1500,1539,4A,4A
51180,1545,1837,4A,4A
51200,1504,1519,4A,4A
51200,1504,1539,4A,4A
51200,1519,1539,4A,4A
51200,1539,1545,4A,4A
51200,1545,1837,4A,4A
51220,1503,1524,4A,4A
51220,1525,1546,4A,4A
51220,1533,1549,4A,4A
51220,1539,1545,4A,4A
51220,1545,1837,4A,4A
51220,1546,1548,4A,4A
51240,1504,1545,4A,4A
51240,1545,1837,4A,4A
51260,1504,1837,4A,4A
51260,1532,1815,4A,4A
51260,1533,1815,4A,4A
51260,1545,1837,4A,4A
51260,1730,1815,4A,4A
51280,1503,1524,4A,4A
51280,1504,1837,4A,4A
51280,1533,1549,4A,4A
51280,1545,1837,4A,4A
51280,1730,1815,4A,4A
51300,1533,1549,4A,4A
51300,1545,1837,4A,4A
51300,1546,1549,4A,4A
51300,1618,1815,4A,4A
51300,1730,1815,4A,4A
51320,1504,1837,4A,4A
51320,1528,1533,4A,4A
51320,1545,1837,4A,4A
51320,1546,1815,4A,4A
51320,1618,1815,4A,4A
51320,1730,1815,4A,4A
51340,1545,1837,4A,4A
51340,1548,1705,4A,4A
51340,1730,1815,4A,4A
51360,1504,1519,4A,4A
51360,1525,1546,4A,4A
51360,1528,1705,4A,4A
51360,1545,1837,4A,4A
51380,1504,1797,4A,4A
51380,1528,1705,4A,4A
51380,1545,1837,4A,4A
51400,1545,1837,4A,4A
51400,1548,1705,4A,4A
51420,1545,1837,4A,4A
51420,1548,1705,4A,4A
51440,1500,1525,4A,4A
51440,1545,1837,4A,4A
51440,1548,1705,4A,4A
51460,1545,1837,4A,4A
51460,1546,1730,4A,4A
51480,1545,1837,4A,4A
51480,1546,1549,4A,4A
51500,1545,1837,4A,4A
51520,1545,1837,4A,4A
51540,1545,1837,4A,4A
51560,1545,1837,4A,4A
51580,1545,1837,4A,4A
51580,1730,1815,4A,4A
51600,1503,1525,4A,4A
51600,1525,1618,4A,4A
51640,1533,1539,4A,4A
51660,1504,1519,4A,4A
51660,1504,1545,4A,4A
51660,1504,1837,4A,4A
51660,1730,1815,4A,4A
51700,1504,1519,4A,4A
51740,1504,1519,4A,4A
51760,1504,1519,4A,4A
51760,1539,1705,4A,4A
51780,1546,1548,4A,4A
51780,1730,1815,4A,4A
51800,1546,1548,4A,4A
51800,1618,1730,4A,4A
51820,1546,1548,4A,4A
51820,1618,1730,4A,4A
51860,1504,1519,4A,4A
51860,1545,1837,4A,4A
51880,1503,1730,4A,4A
51900,1503,1528,4A,4A
51900,1730,1815,4A,4A
51960,1503,1528,4A,4A
51980,1503,1528,4A,4A
52000,1503,1528,4A,4A
52020,1503,1528,4A,4A
52040,1504,1519,4A,4A
52060,1546,1548,4A,4A
52080,1546,1548,4A,4A
52100,1546,1548,4A,4A
52120,1503,1528,4A,4A
52120,1546,1548,4A,4A
52120,1730,1815,4A,4A
52140,1546,1548,4A,4A
52140,1730,1815,4A,4A
52160,1546,1548,4A,4A
52160,1730,1815,4A,4A
52180,1546,1548,4A,4A
52180,1546,1705,4A,4A
52180,1730,1815,4A,4A
52200,1546,1548,4A,4A
52220,1503,1528,4A,4A
52220,1546,1548,4A,4A
52220,1618,1815,4A,4A
52240,1546,1548,4A,4A
52240,1618,1815,4A,4A
52240,1730,1815,4A,4A
52260,1503,1528,4A,4A
52260,1546,1548,4A,4A
52260,1730,1815,4A,4A
52280,1504,1519,4A,4A
52280,1546,1548,4A,4A
52280,1730,1815,4A,4A
52300,1504,1519,4A,4A
52300,1504,1837,4A,4A
52300,1539,1705,4A,4A
52300,1546,1548,4A,4A
52300,1730,1815,4A,4A
52320,1504,1519,4A,4A
52320,1539,1705,4A,4A
52320,1546,1548,4A,4A
52320,1618,1815,4A,4A
52320,1730,1815,4A,4A
52340,1503,1528,4A,4A
52340,1504,1519,4A,4A
52340,1539,1705,4A,4A
52340,1546,1548,4A,4A
52360,1504,1519,4A,4A
52360,1539,1705,4A,4A
52360,1546,1548,4A,4A
52360,1730,1815,4A,4A
52380,1504,1519,4A,4A
52380,1546,1548,4A,4A
52380,1730,1815,4A,4A
52400,1503,1524,4A,4A
52400,1504,1519,4A,4A
52400,1504,1705,4A,4A
52400,1528,1532,4A,4A
52400,1546,1548,4A,4A
52400,1618,1815,4A,4A
52420,1503,1524,4A,4A
52420,1504,1528,4A,4A
52420,1504,1532,4A,4A
52420,1504,1539,4A,4A
52420,1618,1815,4A,4A
52440,1548,1797,4A,4A
52440,1618,1815,4A,4A
52460,1528,1548,4A,4A
52480,1618,1730,4A,4A
52480,1618,1815,4A,4A
52500,1618,1730,4A,4A
52500,1618,1815,4A,4A
52520,1618,1815,4A,4A
52540,1618,1815,4A,4A
52560,1538,1815,4A,4A
52560,1618,1815,4A,4A
52580,1618,1815,4A,4A
52600,1618,1730,4A,4A
52600,1618,1815,4A,4A
52600,1730,1815,4A,4A
52620,1618,1815,4A,4A
52640,1618,1730,4A,4A
52640,1618,1815,4A,4A
52680,1730,1815,4A,4A
52700,1503,1524,4A,4A
52720,1528,1539,4A,4A
52720,1548,1705,4A,4A
52720,1730,1815,4A,4A
52740,1504,1705,4A,4A
52760,1730,1815,4A,4A
52800,1546,1548,4A,4A
52840,1500,1528,4A,4A
52840,1503,1524,4A,4A
52840,1546,1548,4A,4A
52860,1503,1524,4A,4A
52860,1545,1837,4A,4A
52860,1546,1548,4A,4A
52880,1532,1546,4A,4A
52980,1504,1705,4A,4A
53000,1504,1705,4A,4A
53020,1533,1815,4A,4A
53040,1504,1519,4A,4A
53040,1504,1705,4A,4A
53040,1533,1815,4A,4A
53060,1504,1837,4A,4A
53080,1500,1504,4A,4A
53080,1504,1545,4A,4A
53140,1532,1533,4A,4A
53160,1532,1533,4A,4A
53180,1532,1533,4A,4A
53200,1525,1528,4A,4A
53240,1503,1524,4A,4A
53240,1730,1815,4A,4A
53260,1503,1524,4A,4A
53260,1545,1837,4A,4A
53280,1545,1837,4A,4A
53300,1500,1519,4A,4A
53300,1500,1545,4A,4A
53320,1532,1533,4A,4A
53360,1730,1815,4A,4A
53380,1504,1519,4A,4A
53380,1528,1548,4A,4A
53380,1730,1815,4A,4A
53440,1528,1546,4A,4A
53460,1528,1546,4A,4A
53480,1730,1815,4A,4A
53540,1546,1815,4A,4A
53560,1504,1705,4A,4A
53580,1504,1705,4A,4A
53600,1504,1705,4A,4A
53620,1504,1705,4A,4A
53700,1504,1797,4A,4A
53700,1525,1815,4A,4A
53700,1546,1815,4A,4A
53720,1504,1705,4A,4A
53780,1730,1815,4A,4A
53840,1525,1528,4A,4A
53840,1545,1837,4A,4A
53900,1500,1546,4A,4A
53900,1503,1528,4A,4A
53900,1528,1546,4A,4A
53980,1532,1549,4A,4A
54020,1528,1533,4A,4A
54040,1504,1539,4A,4A
54060,1546,1815,4A,4A
54080,1532,1549,4A,4A
54080,1730,1815,4A,4A
54120,1528,1546,4A,4A
54120,1730,1815,4A,4A
54140,1545,1837,4A,4A
54160,1532,1533,4A,4A
54180,1532,1549,4A,4A
54180,1618,1730,4A,4A
54180,1618,1815,4A,4A
54200,1528,1546,4A,4A
54200,1532,1533,4A,4A
54200,1532,1549,4A,4A
54200,1618,1815,4A,4A
54220,1504,1539,4A,4A
54220,1532,1533,4A,4A
54220,1618,1730,4A,4A
54220,1618,1815,4A,4A
54240,1532,1533,4A,4A
54240,1618,1730,4A,4A
54240,1618,1815,4A,4A
54240,1730,1815,4A,4A
54260,1532,1533,4A,4A
54260,1532,1549,4A,4A
54260,1533,1539,4A,4A
54260,1538,1539,4A,4A
54260,1539,1815,4A,4A
54260,1730,1815,4A,4A
54280,1525,1538,4A,4A
54280,1538,1545,4A,4A
54280,1539,1618,4A,4A
54280,1545,1837,4A,4A
54300,1504,1545,4A,4A
54300,1504,1815,4A,4A
54300,1519,1538,4A,4A
54300,1524,1538,4A,4A
54300,1525,1815,4A,4A
54300,1528,1545,4A,4A
54300,1538,1546,4A,4A
54320,1500,1546,4A,4A
54320,1503,1815,4A,4A
54320,1504,1519,4A,4A
54320,1504,1797,4A,4A
54320,1519,1545,4A,4A
54320,1519,1837,4A,4A
54320,1525,1528,4A,4A
54320,1525,1618,4A,4A
54320,1532,1533,4A,4A
54340,1500,1546,4A,4A
54340,1504,1797,4A,4A
54340,1525,1546,4A,4A
54340,1528,1546,4A,4A
54340,1532,1533,4A,4A
54340,1532,1549,4A,4A
54360,1525,1546,4A,4A
54360,1525,1815,4A,4A
54360,1528,1546,4A,4A
54360,1532,1549,4A,4A
54360,1618,1815,4A,4A
54380,1504,1837,4A,4A
54380,1524,1538,4A,4A
54380,1524,1539,4A,4A
54380,1548,1705,4A,4A
54380,1618,1815,4A,4A
54380,1730,1815,4A,4A
54400,1503,1532,4A,4A
54400,1525,1730,4A,4A
54420,1504,1528,4A,4A
54420,1504,1546,4A,4A
54420,1532,1730,4A,4A
54440,1618,1815,4A,4A
54460,1524,1618,4A,4A
54480,1519,1797,4A,4A
54480,1524,1538,4A,4A
54480,1525,1528,4A,4A
54480,1525,1538,4A,4A
54480,1528,1538,4A,4A
54480,1528,1546,4A,4A
54480,1539,1837,4A,4A
54480,1546,1549,4A,4A
54480,1618,1815,4A,4A
54500,1504,1525,4A,4A
54500,1504,1797,4A,4A
54500,1525,1546,4A,4A
54500,1618,1815,4A,4A
54520,1504,1545,4A,4A
54520,1525,1546,4A,4A
54520,1528,1730,4A,4A
54520,1546,1730,4A,4A
54540,1500,1528,4A,4A
54540,1500,1549,4A,4A
54540,1504,1519,4A,4A
54540,1538,1618,4A,4A
54560,1525,1705,4A,4A
54560,1538,1618,4A,4A
54560,1538,1815,4A,4A
54560,1546,1549,4A,4A
54580,1504,1525,4A,4A
54580,1532,1538,4A,4A
54600,1504,1545,4A,4A
54640,1528,1546,4A,4A
54640,1546,1549,4A,4A
54660,1503,1524,4A,4A
54660,1528,1546,4A,4A
54660,1546,1549,4A,4A
54660,1549,1705,4A,4A
54680,1546,1549,4A,4A
54700,1532,1533,4A,4A
54700,1545,1837,4A,4A
54700,1546,1549,4A,4A
54700,1546,1730,4A,4A
54700,1549,1705,4A,4A
54720,1539,1545,4A,4A
54720,1546,1549,4A,4A
54720,1549,1705,4A,4A
54740,1532,1533,4A,4A
54740,1532,1549,4A,4A
54740,1546,1549,4A,4A
54760,1532,1533,4A,4A
54760,1546,1549,4A,4A
54780,1503,1730,4A,4A
54780,1546,1549,4A,4A
54800,1546,1549,4A,4A
54840,1546,1730,4A,4A
54880,1539,1545,4A,4A
54900,1538,1618,4A,4A
54920,1503,1546,4A,4A
54920,1538,1618,4A,4A
54940,1504,1519,4A,4A
54940,1538,1618,4A,4A
54940,1730,1815,4A,4A
54960,1730,1815,4A,4A
54980,1546,1549,4A,4A
55000,1504,1519,4A,4A
55000,1546,1549,4A,4A
55000,1730,1815,4A,4A
55020,1504,1519,4A,4A
55020,1525,1528,4A,4A
55020,1538,1815,4A,4A
55020,1730,1815,4A,4A
55040,1525,1528,4A,4A
55060,1504,1519,4A,4A
55060,1525,1528,4A,4A
55060,1546,1549,4A,4A
55060,1730,1815,4A,4A
55080,1504,1519,4A,4A
55080,1525,1528,4A,4A
55080,1546,1549,4A,4A
55080,1730,1815,4A,4A
55100,1504,1519,4A,4A
55100,1525,1528,4A,4A
55100,1730,1815,4A,4A
55120,1525,1528,4A,4A
55120,1730,1815,4A,4A
55140,1525,1528,4A,4A
55140,1538,1815,4A,4A
55180,1500,1524,4A,4A
55180,1524,1538,4A,4A
55180,1524,1549,4A,4A
55180,1538,1549,4A,4A
55180,1538,1837,4A,4A
55180,1549,1837,4A,4A
55180,1730,1815,4A,4A
55200,1500,1538,4A,4A
55200,1500,1815,4A,4A
55200,1524,1815,4A,4A
55200,1524,1837,4A,4A
55200,1538,1815,4A,4A
55200,1539,1815,4A,4A
55220,1504,1519,4A,4A
55220,1524,1549,4A,4A
55220,1525,1528,4A,4A
55220,1533,1815,4A,4A
55220,1539,1549,4A,4A
55220,1730,1815,4A,4A
55240,1500,1549,4A,4A
55240,1504,1519,4A,4A
55240,1528,1548,4A,4A
55240,1538,1539,4A,4A
55240,1539,1549,4A,4A
55260,1500,1538,4A,4A
55260,1538,1539,4A,4A
55260,1538,1549,4A,4A
55260,1539,1549,4A,4A
55280,1503,1524,4A,4A
55280,1549,1815,4A,4A
55280,1730,1815,4A,4A
55300,1500,1539,4A,4A
55300,1525,1528,4A,4A
55320,1539,1545,4A,4A
55320,1539,1546,4A,4A
55320,1539,1797,4A,4A
55320,1545,1546,4A,4A
55320,1730,1815,4A,4A
55340,1500,1528,4A,4A
55340,1500,1539,4A,4A
55340,1525,1539,4A,4A
55340,1539,1546,4A,4A
55340,1545,1546,4A,4A
55340,1730,1815,4A,4A
55360,1500,1525,4A,4A
55360,1500,1528,4A,4A
55360,1539,1545,4A,4A
55360,1539,1546,4A,4A
55360,1545,1705,4A,4A
55380,1500,1539,4A,4A
55380,1503,1524,4A,4A
55400,1500,1539,4A,4A
55400,1525,1545,4A,4A
55400,1525,1815,4A,4A
55400,1528,1546,4A,4A
55400,1549,1797,4A,4A
55400,1549,1815,4A,4A
55400,1730,1815,4A,4A
55400,1797,1815,4A,4A
55420,1500,1539,4A,4A
55420,1500,1705,4A,4A
55420,1503,1618,4A,4A
55420,1504,1545,4A,4A
55420,1528,1546,4A,4A
55420,1532,1618,4A,4A
55420,1539,1549,4A,4A
55420,1546,1549,4A,4A
55420,1618,1815,4A,4A
55440,1500,1539,4A,4A
55440,1503,1532,4A,4A
55440,1504,1519,4A,4A
55440,1504,1545,4A,4A
55460,1500,1503,4A,4A
55460,1500,1533,4A,4A
55460,1500,1539,4A,4A
55460,1500,1548,4A,4A
55460,1504,1519,4A,4A
55460,1525,1815,4A,4A
55460,1538,1815,4A,4A
55480,1500,1503,4A,4A
55480,1500,1539,4A,4A
55480,1503,1539,4A,4A
55480,1519,1545,4A,4A
55480,1524,1533,4A,4A
55480,1524,1815,4A,4A
55480,1525,1548,4A,4A
55480,1538,1618,4A,4A
55500,1500,1503,4A,4A
55500,1500,1539,4A,4A
55500,1500,1546,4A,4A
55500,1503,1797,4A,4A
55500,1504,1545,4A,4A
55500,1504,1797,4A,4A
55500,1524,1528,4A,4A
55500,1524,1815,4A,4A
55500,1525,1797,4A,4A
55500,1528,1730,4A,4A
55500,1528,1815,4A,4A
55500,1533,1730,4A,4A
55500,1538,1618,4A,4A
55500,1539,1618,4A,4A
55500,1545,1705,4A,4A
55500,1705,1797,4A,4A
55500,1730,1815,4A,4A
55520,1500,1539,4A,4A
55520,1500,1546,4A,4A
55520,1503,1539,4A,4A
55520,1503,1797,4A,4A
55520,1538,1618,4A,4A
55520,1538,1730,4A,4A
55520,1546,1815,4A,4A
55520,1705,1797,4A,4A
55540,1500,1539,4A,4A
55540,1500,1549,4A,4A
55540,1503,1546,4A,4A
55540,1504,1545,4A,4A
55540,1533,1815,4A,4A
55540,1538,1618,4A,4A
55540,1539,1545,4A,4A
55540,1539,1815,4A,4A
55560,1503,1815,4A,4A
55560,1504,1545,4A,4A
55560,1538,1618,4A,4A
55580,1504,1524,4A,4A
55580,1504,1528,4A,4A
55580,1504,1815,4A,4A
55580,1524,1528,4A,4A
55580,1524,1815,4A,4A
55580,1545,1705,4A,4A
55600,1504,1815,4A,4A
55600,1525,1548,4A,4A
55600,1545,1815,4A,4A
55600,1545,1837,4A,4A
55600,1730,1815,4A,4A
55620,1500,1525,4A,4A
55620,1504,1545,4A,4A
55620,1504,1705,4A,4A
55620,1524,1618,4A,4A
55620,1525,1815,4A,4A
55620,1533,1546,4A,4A
55620,1545,1705,4A,4A
55620,1545,1837,4A,4A
55620,1546,1815,4A,4A
55640,1500,1538,4A,4A
55640,1500,1545,4A,4A
55640,1503,1524,4A,4A
55640,1504,1528,4A,4A
55640,1504,1705,4A,4A
55640,1504,1730,4A,4A
55640,1528,1705,4A,4A
55640,1528,1815,4A,4A
55640,1539,1815,4A,4A
55640,1546,1618,4A,4A
55640,1705,1730,4A,4A
55640,1730,1815,4A,4A
55660,1500,1503,4A,4A
55660,1500,1538,4A,4A
55660,1503,1524,4A,4A
55660,1503,1538,4A,4A
55660,1504,1528,4A,4A
55660,1504,1705,4A,4A
55660,1504,1730,4A,4A
55660,1504,1797,4A,4A
55660,1528,1730,4A,4A
55660,1532,1618,4A,4A
55660,1538,1545,4A,4A
55660,1539,1815,4A,4A
55660,1546,1548,4A,4A
55660,1546,1618,4A,4A
55660,1548,1618,4A,4A
55660,1705,1730,4A,4A
55660,1705,1797,4A,4A
55680,1500,1545,4A,4A
55680,1503,1524,4A,4A
55680,1524,1538,4A,4A
55680,1528,1730,4A,4A
55680,1528,1815,4A,4A
55680,1539,1797,4A,4A
55680,1539,1815,4A,4A
55680,1539,1837,4A,4A
55680,1546,1548,4A,4A
55680,1548,1618,4A,4A
55700,1500,1545,4A,4A
55700,1503,1524,4A,4A
55700,1503,1538,4A,4A
55700,1524,1538,4A,4A
55700,1528,1815,4A,4A
55700,1539,1797,4A,4A
55700,1546,1815,4A,4A
55700,1548,1618,4A,4A
55720,1500,1503,4A,4A
55720,1500,1545,4A,4A
55720,1503,1546,4A,4A
55720,1503,1815,4A,4A
55720,1504,1528,4A,4A
55720,1504,1539,4A,4A
55720,1504,1797,4A,4A
55720,1524,1538,4A,4A
55720,1528,1546,4A,4A
55720,1528,1815,4A,4A
55720,1539,1837,4A,4A
55720,1546,1815,4A,4A
55720,1797,1837,4A,4A
55740,1500,1545,4A,4A
55740,1504,1519,4A,4A
55740,1524,1538,4A,4A
55740,1528,1815,4A,4A
55740,1539,1837,4A,4A
55740,1546,1548,4A,4A
55760,1500,1545,4A,4A
55760,1500,1618,4A,4A
55760,1503,1524,4A,4A
55760,1503,1538,4A,4A
55760,1504,1705,4A,4A
55760,1524,1538,4A,4A
55760,1528,1539,4A,4A
55760,1528,1797,4A,4A
55760,1528,1815,4A,4A
55760,1539,1837,4A,4A
55760,1546,1548,4A,4A
55760,1730,1815,4A,4A
55760,1797,1815,4A,4A
55760,1797,1837,4A,4A
55780,1500,1545,4A,4A
55780,1500,1618,4A,4A
55780,1503,1524,4A,4A
55780,1503,1538,4A,4A
55780,1504,1519,4A,4A
55780,1504,1525,4A,4A
55780,1504,1546,4A,4A
55780,1524,1538,4A,4A
55780,1533,1546,4A,4A
55780,1539,1837,4A,4A
55780,1546,1548,4A,4A
55780,1546,1815,4A,4A
55780,1548,1618,4A,4A
55780,1730,1815,4A,4A
55800,1500,1545,4A,4A
55800,1503,1504,4A,4A
55800,1503,1538,4A,4A
55800,1504,1618,4A,4A
55800,1528,1548,4A,4A
55800,1528,1618,4A,4A
55800,1539,1837,4A,4A
55800,1548,1618,4A,4A
55820,1500,1545,4A,4A
55820,1500,1548,4A,4A
55820,1503,1504,4A,4A
55820,1503,1538,4A,4A
55820,1504,1528,4A,4A
55820,1504,1538,4A,4A
55820,1524,1538,4A,4A
55820,1525,1837,4A,4A
55820,1533,1539,4A,4A
55820,1533,1837,4A,4A
55840,1500,1503,4A,4A
55840,1500,1545,4A,4A
55840,1503,1528,4A,4A
55840,1503,1538,4A,4A
55840,1504,1533,4A,4A
55840,1504,1705,4A,4A
55840,1504,1797,4A,4A
55840,1504,1815,4A,4A
55840,1519,1837,4A,4A
55840,1524,1528,4A,4A
55840,1524,1538,4A,4A
55840,1525,1705,4A,4A
55840,1525,1837,4A,4A
55840,1528,1815,4A,4A
55840,1538,1797,4A,4A
55840,1539,1546,4A,4A
55840,1539,1797,4A,4A
55840,1548,1618,4A,4A
55840,1549,1730,4A,4A
55860,1500,1545,4A,4A
55860,1503,1528,4A,4A
55860,1503,1797,4A,4A
55860,1504,1705,4A,4A
55860,1519,1525,4A,4A
55860,1519,1837,4A,4A
55860,1524,1538,4A,4A
55860,1525,1705,4A,4A
55860,1525,1837,4A,4A
55860,1528,1797,4A,4A
55860,1528,1815,4A,4A
55860,1539,1546,4A,4A
55860,1545,1730,4A,4A
55860,1549,1730,4A,4A
55860,1705,1837,4A,4A
55860,1797,1815,4A,4A
55880,1500,1504,4A,4A
55880,1500,1545,4A,4A
55880,1503,1815,4A,4A
55880,1504,1533,4A,4A
55880,1504,1545,4A,4A
55880,1524,1528,4A,4A
55880,1525,1705,4A,4A
55880,1525,1837,4A,4A
55880,1528,1538,4A,4A
55880,1528,1797,4A,4A
55880,1528,1815,4A,4A
55880,1539,1546,4A,4A
55880,1548,1618,4A,4A
55900,1500,1504,4A,4A
55900,1500,1545,4A,4A
55900,1500,1815,4A,4A
55900,1503,1524,4A,4A
55900,1503,1539,4A,4A
55900,1503,1815,4A,4A
55900,1504,1533,4A,4A
55900,1524,1528,4A,4A
55900,1524,1815,4A,4A
55900,1525,1705,4A,4A
55900,1528,1538,4A,4A
55900,1528,1546,4A,4A
55900,1533,1730,4A,4A
55900,1538,1546,4A,4A
55900,1538,1797,4A,4A
55900,1539,1815,4A,4A
55920,1500,1545,4A,4A
55920,1503,1524,4A,4A
55920,1503,1539,4A,4A
55920,1504,1533,4A,4A
55920,1504,1618,4A,4A
55920,1504,1730,4A,4A
55920,1504,1837,4A,4A
55920,1524,1539,4A,4A
55920,1528,1797,4A,4A
55920,1528,1837,4A,4A
55920,1538,1546,4A,4A
55920,1548,1618,4A,4A
55940,1500,1545,4A,4A
55940,1503,1815,4A,4A
55940,1504,1730,4A,4A
55940,1533,1549,4A,4A
55940,1533,1730,4A,4A
55940,1538,1546,4A,4A
55940,1538,1837,4A,4A
55940,1539,1815,4A,4A
55940,1546,1837,4A,4A
55940,1797,1837,4A,4A
55960,1503,1618,4A,4A
55960,1525,1528,4A,4A
55960,1525,1705,4A,4A
55960,1538,1837,4A,4A
55960,1548,1705,4A,4A
55960,1618,1797,4A,4A
55960,1705,1797,4A,4A
55980,1500,1525,4A,4A
55980,1528,1705,4A,4A
55980,1533,1546,4A,4A
55980,1538,1618,4A,4A
55980,1545,1705,4A,4A
55980,1545,1837,4A,4A
56000,1500,1528,4A,4A
56000,1503,1504,4A,4A
56000,1503,1524,4A,4A
56000,1504,1545,4A,4A
56000,1504,1705,4A,4A
56000,1504,1837,4A,4A
56000,1525,1545,4A,4A
56000,1525,1815,4A,4A
56000,1528,1533,4A,4A
56000,1533,1538,4A,4A
56000,1538,1546,4A,4A
56000,1545,1837,4A,4A
56020,1500,1837,4A,4A
56020,1503,1618,4A,4A
56020,1503,1705,4A,4A
56020,1504,1519,4A,4A
56020,1525,1618,4A,4A
56020,1525,1705,4A,4A
56020,1528,1533,4A,4A
56020,1528,1538,4A,4A
56020,1528,1545,4A,4A
56020,1528,1546,4A,4A
56020,1533,1538,4A,4A
56020,1533,1545,4A,4A
56020,1533,1546,4A,4A
56020,1538,1545,4A,4A
56020,1538,1546,4A,4A
56020,1539,1705,4A,4A
56020,1539,1797,4A,4A
56020,1705,1837,4A,4A
56040,1500,1545,4A,4A
56040,1500,1797,4A,4A
56040,1500,1837,4A,4A
56040,1504,1519,4A,4A
56040,1504,1525,4A,4A
56040,1504,1730,4A,4A
56040,1519,1525,4A,4A
56040,1528,1533,4A,4A
56040,1532,1618,4A,4A
56040,1538,1546,4A,4A
56040,1539,1618,4A,4A
56040,1545,1705,4A,4A
56040,1705,1797,4A,4A
56040,1797,1837,4A,4A
56060,1500,1705,4A,4A
56060,1500,1797,4A,4A
56060,1500,1837,4A,4A
56060,1503,1524,4A,4A
56060,1504,1519,4A,4A
56060,1532,1618,4A,4A
56060,1545,1705,4A,4A
56060,1545,1797,4A,4A
56060,1815,1837,4A,4A
56080,1500,1837,4A,4A
56080,1503,1815,4A,4A
56080,1504,1519,4A,4A
56080,1519,1525,4A,4A
56080,1528,1538,4A,4A
56080,1528,1546,4A,4A
56080,1533,1546,4A,4A
56080,1545,1705,4A,4A
56080,1705,1797,4A,4A
56100,1500,1705,4A,4A
56100,1545,1705,4A,4A
56120,1500,1545,4A,4A
56120,1500,1837,4A,4A
56120,1503,1524,4A,4A
56120,1503,1815,4A,4A
56120,1504,1525,4A,4A
56120,1524,1815,4A,4A
56120,1539,1815,4A,4A
56120,1545,1618,4A,4A
56140,1519,1533,4A,4A
56140,1525,1837,4A,4A
56140,1539,1815,4A,4A
56140,1549,1797,4A,4A
56160,1503,1524,4A,4A
56160,1503,1539,4A,4A
56160,1504,1519,4A,4A
56160,1504,1533,4A,4A
56160,1525,1815,4A,4A
56160,1525,1837,4A,4A
56160,1539,1815,4A,4A
56160,1549,1797,4A,4A
56180,1500,1525,4A,4A
56180,1503,1837,4A,4A
56180,1549,1797,4A,4A
56200,1503,1524,4A,4A
56200,1525,1837,4A,4A
56200,1549,1797,4A,4A
56220,1500,1525,4A,4A
56220,1525,1837,4A,4A
56220,1549,1797,4A,4A
56240,1500,1548,4A,4A
56240,1503,1524,4A,4A
56240,1525,1837,4A,4A
56260,1500,1548,4A,4A
56260,1504,1533,4A,4A
56260,1524,1837,4A,4A
56280,1503,1524,4A,4A
56280,1503,1815,4A,4A
56280,1525,1837,4A,4A
56280,1545,1549,4A,4A
56280,1545,1797,4A,4A
56300,1500,1837,4A,4A
56300,1503,1524,4A,4A
56300,1525,1837,4A,4A
56300,1545,1549,4A,4A
56300,1545,1797,4A,4A
56320,1500,1837,4A,4A
56320,1525,1837,4A,4A
56320,1545,1549,4A,4A
56340,1500,1525,4A,4A
56340,1519,1525,4A,4A
56340,1525,1837,4A,4A
56340,1532,1618,4A,4A
56340,1549,1797,4A,4A
56360,1500,1525,4A,4A
56360,1525,1528,4A,4A
56360,1532,1618,4A,4A
56380,1500,1837,4A,4A
56380,1524,1815,4A,4A
56380,1525,1837,4A,4A
56380,1528,1545,4A,4A
56380,1538,1705,4A,4A
56400,1500,1525,4A,4A
56400,1500,1837,4A,4A
56400,1524,1815,4A,4A
56400,1524,1837,4A,4A
56400,1532,1618,4A,4A
56400,1533,1705,4A,4A
56400,1538,1705,4A,4A
56400,1549,1797,4A,4A
56420,1500,1618,4A,4A
56420,1524,1539,4A,4A
56420,1533,1546,4A,4A
56420,1538,1539,4A,4A
56420,1549,1797,4A,4A
56440,1504,1519,4A,4A
56440,1549,1797,4A,4A
56480,1528,1705,4A,4A
56500,1528,1705,4A,4A
56500,1539,1815,4A,4A
56500,1546,1618,4A,4A
56520,1500,1837,4A,4A
56520,1503,1815,4A,4A
56520,1504,1533,4A,4A
56520,1504,1837,4A,4A
56520,1524,1539,4A,4A
56520,1528,1705,4A,4A
56520,1533,1618,4A,4A
56520,1538,1539,4A,4A
56520,1539,1705,4A,4A
56520,1545,1548,4A,4A
56540,1504,1519,4A,4A
56540,1525,1549,4A,4A
56540,1525,1618,4A,4A
56540,1533,1618,4A,4A
56540,1538,1539,4A,4A
56540,1545,1548,4A,4A
56540,1618,1837,4A,4A
56560,1500,1533,4A,4A
56560,1500,1797,4A,4A
56560,1500,1837,4A,4A
56560,1503,1815,4A,4A
56560,1504,1519,4A,4A
56560,1528,1705,4A,4A
56560,1528,1797,4A,4A
56560,1538,1539,4A,4A
56560,1545,1548,4A,4A
56560,1545,1815,4A,4A
56560,1546,1705,4A,4A
56560,1618,1837,4A,4A
56580,1500,1533,4A,4A
56580,1504,1519,4A,4A
56580,1504,1533,4A,4A
56580,1504,1837,4A,4A
56580,1524,1539,4A,4A
56580,1525,1549,4A,4A
56580,1528,1545,4A,4A
56580,1528,1705,4A,4A
56580,1533,1837,4A,4A
56580,1539,1815,4A,4A
56580,1549,1730,4A,4A
56580,1618,1837,4A,4A
56600,1500,1504,4A,4A
56600,1500,1533,4A,4A
56600,1500,1837,4A,4A
56600,1503,1548,4A,4A
56600,1504,1519,4A,4A
56600,1525,1618,4A,4A
56600,1525,1730,4A,4A
56600,1525,1837,4A,4A
56600,1528,1705,4A,4A
56600,1533,1837,4A,4A
56600,1545,1548,4A,4A
56600,1548,1815,4A,4A
56600,1549,1730,4A,4A
56600,1618,1837,4A,4A
56600,1705,1797,4A,4A
56600,1797,1815,4A,4A
56620,1504,1539,4A,4A
56620,1528,1538,4A,4A
56620,1528,1539,4A,4A
56620,1538,1539,4A,4A
56640,1500,1503,4A,4A
56640,1504,1539,4A,4A
56640,1525,1538,4A,4A
56640,1533,1618,4A,4A
56640,1533,1837,4A,4A
56640,1539,1705,4A,4A
56640,1545,1548,4A,4A
56660,1533,1815,4A,4A
56660,1533,1837,4A,4A
56660,1549,1618,4A,4A
56680,1504,1618,4A,4A
56680,1504,1730,4A,4A
56680,1546,1549,4A,4A
56680,1546,1730,4A,4A
56680,1549,1730,4A,4A
56700,1548,1705,4A,4A
56720,1532,1618,4A,4A
56740,1503,1730,4A,4A
56820,1533,1705,4A,4A
56840,1503,1524,4A,4A
56840,1528,1546,4A,4A
56840,1546,1705,4A,4A
56900,1503,1815,4A,4A
56940,1538,1618,4A,4A
57040,1532,1538,4A,4A
57080,1538,1618,4A,4A
57180,1730,1815,4A,4A
57200,1525,1528,4A,4A
57200,1538,1815,4A,4A
57220,1525,1528,4A,4A
57220,1548,1705,4A,4A
57220,1618,1815,4A,4A
57220,1730,1815,4A,4A
57240,1525,1528,4A,4A
57260,1525,1528,4A,4A
57260,1730,1815,4A,4A
57280,1525,1528,4A,4A
57280,1730,1815,4A,4A
57300,1525,1528,4A,4A
57320,1525,1528,4A,4A
57320,1546,1815,4A,4A
57320,1730,1815,4A,4A
57340,1525,1528,4A,4A
57340,1546,1815,4A,4A
57340,1730,1815,4A,4A
57380,1504,1705,4A,4A
57380,1546,1815,4A,4A
57400,1730,1815,4A,4A
57420,1730,1815,4A,4A
57440,1525,1528,4A,4A
57440,1730,1815,4A,4A
57460,1525,1528,4A,4A
57460,1533,1549,4A,4A
57480,1525,1528,4A,4A
57500,1525,1528,4A,4A
57500,1730,1815,4A,4A
57520,1525,1528,4A,4A
57540,1525,1528,4A,4A
57720,1705,1797,4A,4A
57740,1705,1797,4A,4A
57760,1705,1797,4A,4A
57780,1705,1797,4A,4A
57860,1730,1815,4A,4A
57880,1504,1519,4A,4A
57920,1533,1837,4A,4A
57920,1539,1837,4A,4A
57920,1730,1815,4A,4A
57940,1504,1705,4A,4A
57940,1539,1837,4A,4A
57960,1504,1705,4A,4A
57960,1533,1549,4A,4A
57960,1539,1837,4A,4A
57980,1504,1705,4A,4A
57980,1533,1837,4A,4A
57980,1539,1837,4A,4A
57980,1730,1815,4A,4A
58000,1504,1705,4A,4A
58000,1539,1837,4A,4A
58020,1504,1705,4A,4A
58020,1539,1837,4A,4A
58040,1500,1837,4A,4A
58040,1504,1519,4A,4A
58040,1504,1705,4A,4A
58040,1539,1837,4A,4A
58060,1500,1837,4A,4A
58060,1539,1837,4A,4A
58080,1504,1705,4A,4A
58080,1533,1539,4A,4A
58080,1539,1837,4A,4A
58100,1504,1705,4A,4A
58100,1533,1539,4A,4A
58100,1533,1837,4A,4A
58100,1539,1837,4A,4A
58120,1539,1837,4A,4A
58120,1705,1837,4A,4A
58140,1533,1546,4A,4A
58160,1503,1730,4A,4A
58160,1533,1546,4A,4A
58160,1705,1837,4A,4A
58180,1503,1524,4A,4A
58180,1538,1618,4A,4A
58180,1705,1837,4A,4A
58200,1525,1797,4A,4A
58220,1525,1797,4A,4A
58240,1525,1797,4A,4A
58240,1546,1815,4A,4A
58260,1500,1618,4A,4A
58260,1528,1548,4A,4A
58260,1546,1548,4A,4A
58280,1500,1618,4A,4A
58280,1503,1730,4A,4A
58280,1528,1548,4A,4A
58280,1546,1548,4A,4A
58300,1500,1618,4A,4A
58300,1545,1837,4A,4A
58320,1500,1539,4A,4A
58320,1503,1524,4A,4A
58320,1545,1837,4A,4A
58340,1503,1524,4A,4A
58340,1545,1837,4A,4A
58360,1503,1524,4A,4A
58380,1503,1524,4A,4A
58400,1503,1524,4A,4A
58400,1730,1815,4A,4A
58420,1503,1524,4A,4A
58420,1519,1837,4A,4A
58420,1525,1528,4A,4A
58420,1705,1837,4A,4A
58440,1500,1503,4A,4A
58440,1503,1524,4A,4A
58440,1504,1705,4A,4A
58440,1525,1528,4A,4A
58440,1705,1837,4A,4A
58460,1503,1524,4A,4A
58460,1504,1705,4A,4A
58480,1503,1524,4A,4A
58480,1538,1618,4A,4A
58500,1503,1532,4A,4A
58500,1730,1815,4A,4A
58520,1525,1528,4A,4A
58540,1504,1705,4A,4A
58540,1545,1837,4A,4A
58560,1538,1618,4A,4A
58640,1504,1837,4A,4A
58660,1503,1524,4A,4A
58680,1545,1837,4A,4A
58700,1548,1705,4A,4A
58720,1525,1548,4A,4A
58720,1548,1797,4A,4A
58740,1519,1533,4A,4A
58740,1525,1797,4A,4A
58740,1528,1548,4A,4A
58740,1546,1548,4A,4A
58760,1504,1797,4A,4A
58760,1519,1533,4A,4A
58760,1525,1797,4A,4A
58760,1546,1548,4A,4A
58760,1548,1705,4A,4A
58760,1730,1815,4A,4A
58780,1504,1837,4A,4A
58780,1519,1533,4A,4A
58780,1548,1705,4A,4A
58800,1519,1533,4A,4A
58800,1548,1705,4A,4A
58820,1519,1533,4A,4A
58840,1519,1533,4A,4A
58840,1533,1539,4A,4A
58840,1730,1815,4A,4A
58860,1519,1533,4A,4A
58860,1533,1539,4A,4A
58860,1730,1815,4A,4A
58880,1730,1815,4A,4A
58900,1503,1524,4A,4A
58900,1730,1815,4A,4A
58960,1545,1837,4A,4A
58980,1545,1837,4A,4A
59020,1545,1837,4A,4A
59040,1545,1837,4A,4A
59060,1539,1797,4A,4A
59060,1545,1837,4A,4A
59080,1545,1837,4A,4A
59080,1548,1797,4A,4A
59120,1545,1837,4A,4A
59140,1504,1533,4A,4A
59140,1528,1797,4A,4A
59140,1533,1546,4A,4A
59140,1533,1797,4A,4A
59140,1545,1705,4A,4A
59140,1545,1837,4A,4A
59140,1546,1797,4A,4A
59160,1504,1528,4A,4A
59160,1504,1533,4A,4A
59160,1519,1533,4A,4A
59160,1519,1546,4A,4A
59160,1528,1533,4A,4A
59160,1528,1797,4A,4A
59160,1533,1546,4A,4A
59160,1538,1815,4A,4A
59160,1546,1548,4A,4A
59180,1504,1519,4A,4A
59180,1504,1525,4A,4A
59180,1504,1533,4A,4A
59180,1504,1548,4A,4A
59180,1519,1533,4A,4A
59180,1525,1533,4A,4A
59180,1528,1548,4A,4A
59180,1546,1730,4A,4A
59200,1504,1519,4A,4A
59200,1504,1533,4A,4A
59200,1504,1797,4A,4A
59200,1504,1837,4A,4A
59200,1618,1730,4A,4A
59220,1503,1815,4A,4A
59220,1618,1815,4A,4A
59240,1503,1528,4A,4A
59240,1504,1533,4A,4A
59240,1533,1705,4A,4A
59240,1545,1705,4A,4A
59240,1549,1618,4A,4A
59260,1504,1533,4A,4A
59260,1519,1533,4A,4A
59260,1528,1545,4A,4A
59260,1533,1730,4A,4A
59280,1500,1545,4A,4A
59280,1503,1815,4A,4A
59280,1533,1539,4A,4A
59280,1546,1730,4A,4A
59280,1546,1815,4A,4A
59300,1519,1539,4A,4A
59300,1528,1539,4A,4A
59300,1546,1730,4A,4A
59320,1504,1528,4A,4A
59320,1504,1533,4A,4A
59320,1504,1545,4A,4A
59320,1519,1528,4A,4A
59340,1500,1528,4A,4A
59340,1504,1533,4A,4A
59340,1519,1837,4A,4A
59360,1504,1837,4A,4A
59360,1519,1837,4A,4A
59360,1528,1730,4A,4A
59360,1546,1730,4A,4A
59380,1504,1815,4A,4A
59380,1519,1837,4A,4A
59380,1546,1730,4A,4A
59400,1504,1533,4A,4A
59400,1504,1548,4A,4A
59400,1519,1837,4A,4A
59400,1546,1548,4A,4A
59400,1618,1815,4A,4A
59400,1730,1815,4A,4A
59420,1519,1837,4A,4A
59440,1504,1519,4A,4A
59440,1504,1837,4A,4A
59440,1519,1837,4A,4A
59440,1545,1837,4A,4A
59440,1705,1837,4A,4A
59440,1730,1815,4A,4A
59480,1538,1618,4A,4A
59480,1545,1837,4A,4A
59520,1730,1815,4A,4A
59540,1504,1705,4A,4A
59540,1730,1815,4A,4A
59560,1539,1705,4A,4A
59600,1503,1533,4A,4A
59600,1524,1533,4A,4A
59600,1533,1539,4A,4A
59600,1539,1705,4A,4A
59620,1503,1533,4A,4A
59620,1504,1519,4A,4A
59620,1539,1837,4A,4A
59640,1524,1538,4A,4A
59660,1503,1533,4A,4A
59660,1539,1705,4A,4A
59680,1504,1548,4A,4A
59680,1533,1546,4A,4A
59680,1538,1548,4A,4A
59700,1500,1549,4A,4A
59700,1504,1815,4A,4A
59700,1538,1730,4A,4A
59700,1546,1730,4A,4A
59720,1524,1545,4A,4A
59720,1524,1548,4A,4A
59720,1539,1618,4A,4A
59720,1545,1705,4A,4A
59720,1546,1730,4A,4A
59720,1618,1730,4A,4A
59740,1533,1618,4A,4A
59740,1539,1618,4A,4A
59760,1500,1545,4A,4A
59760,1538,1548,4A,4A
59760,1546,1815,4A,4A
59780,1618,1815,4A,4A
59800,1539,1618,4A,4A
59800,1549,1815,4A,4A
59820,1539,1618,4A,4A
59820,1546,1618,4A,4A
59840,1533,1618,4A,4A
59840,1545,1705,4A,4A
59840,1546,1618,4A,4A
59880,1500,1730,4A,4A
59880,1533,1618,4A,4A
59900,1500,1618,4A,4A
59900,1503,1528,4A,4A
59900,1532,1533,4A,4A
59900,1532,1618,4A,4A
59900,1533,1548,4A,4A
59900,1533,1815,4A,4A
59900,1548,1618,4A,4A
59920,1524,1548,4A,4A
59920,1532,1548,4A,4A
59920,1533,1618,4A,4A
59920,1533,1815,4A,4A
59920,1548,1815,4A,4A
59940,1504,1519,4A,4A
59940,1504,1548,4A,4A
59940,1525,1528,4A,4A
59940,1525,1815,4A,4A
59940,1533,1548,4A,4A
59940,1546,1549,4A,4A
59960,1504,1528,4A,4A
59960,1504,1532,4A,4A
59960,1504,1730,4A,4A
59960,1545,1705,4A,4A
59980,1500,1548,4A,4A
59980,1504,1533,4A,4A
59980,1504,1549,4A,4A
59980,1545,1705,4A,4A
59980,1705,1837,4A,4A
59980,1815,1837,4A,4A
60000,1503,1525,4A,4A
60000,1525,1548,4A,4A
60000,1525,1618,4A,4A
60000,1548,1705,4A,4A
60020,1504,1705,4A,4A
60060,1500,1533,4A,4A
60060,1503,1525,4A,4A
60060,1503,1528,4A,4A
60060,1618,1815,4A,4A
60080,1503,1525,4A,4A
60080,1503,1528,4A,4A
60080,1504,1705,4A,4A
60100,1503,1525,4A,4A
60120,1503,1524,4A,4A
60140,1545,1705,4A,4A
60160,1545,1837,4A,4A
60180,1503,1730,4A,4A
60200,1503,1730,4A,4A
60240,1539,1545,4A,4A
60260,1539,1545,4A,4A
60280,1539,1545,4A,4A
60300,1539,1545,4A,4A
60300,1539,1705,4A,4A
60320,1539,1545,4A,4A
60320,1730,1815,4A,4A
60340,1539,1545,4A,4A
60340,1730,1815,4A,4A
60360,1730,1815,4A,4A
60380,1730,1815,4A,4A
60400,1500,1705,4A,4A
60400,1730,1815,4A,4A
60420,1500,1705,4A,4A
60420,1730,1815,4A,4A
60460,1500,1705,4A,4A
60580,1546,1815,4A,4A
60580,1730,1815,4A,4A
60600,1500,1705,4A,4A
60620,1500,1705,4A,4A
60640,1546,1815,4A,4A
60660,1730,1815,4A,4A
60680,1730,1815,4A,4A
60700,1500,1549,4A,4A
60720,1500,1549,4A,4A
60720,1519,1837,4A,4A
60720,1730,1815,4A,4A
60740,1503,1524,4A,4A
60740,1730,1815,4A,4A
60760,1503,1524,4A,4A
60800,1533,1549,4A,4A
60800,1546,1549,4A,4A
60860,1503,1524,4A,4A
60880,1503,1524,4A,4A
60900,1546,1730,4A,4A
60920,1730,1815,4A,4A
60940,1730,1815,4A,4A
60960,1549,1730,4A,4A
60960,1730,1815,4A,4A
60980,1504,1519,4A,4A
61000,1730,1815,4A,4A
61020,1503,1730,4A,4A
61060,1500,1549,4A,4A
61060,1546,1730,4A,4A
61100,1504,1837,4A,4A
61160,1503,1525,4A,4A
61160,1532,1533,4A,4A
61180,1503,1525,4A,4A
61200,1503,1525,4A,4A
61200,1524,1730,4A,4A
61200,1532,1533,4A,4A
61220,1503,1525,4A,4A
61220,1528,1730,4A,4A
61220,1532,1533,4A,4A
61240,1503,1525,4A,4A
61240,1503,1528,4A,4A
61260,1503,1525,4A,4A
61260,1528,1730,4A,4A
61260,1532,1533,4A,4A
61260,1618,1815,4A,4A
61280,1503,1525,4A,4A
61280,1528,1730,4A,4A
61300,1528,1730,4A,4A
61300,1533,1815,4A,4A
61300,1618,1815,4A,4A
61320,1504,1519,4A,4A
61320,1533,1815,4A,4A
61340,1503,1730,4A,4A
61340,1504,1705,4A,4A
61340,1504,1837,4A,4A
61340,1525,1730,4A,4A
61340,1533,1549,4A,4A
61340,1539,1705,4A,4A
61340,1548,1705,4A,4A
61340,1618,1815,4A,4A
61360,1504,1519,4A,4A
61360,1533,1549,4A,4A
61360,1539,1705,4A,4A
61360,1546,1730,4A,4A
61380,1503,1524,4A,4A
61380,1525,1730,4A,4A
61380,1539,1705,4A,4A
61400,1504,1837,4A,4A
61400,1705,1837,4A,4A
61420,1539,1545,4A,4A
61440,1504,1618,4A,4A
61440,1618,1797,4A,4A
61480,1545,1837,4A,4A
61500,1500,1705,4A,4A
61500,1545,1705,4A,4A
61500,1545,1837,4A,4A
61520,1504,1837,4A,4A
61520,1525,1549,4A,4A
61520,1539,1705,4A,4A
61520,1545,1837,4A,4A
61520,1705,1837,4A,4A
61540,1532,1538,4A,4A
61540,1539,1545,4A,4A
61540,1539,1705,4A,4A
61540,1545,1837,4A,4A
61560,1539,1545,4A,4A
61560,1539,1705,4A,4A
61560,1545,1837,4A,4A
61560,1705,1837,4A,4A
61580,1539,1545,4A,4A
61580,1539,1705,4A,4A
61580,1545,1837,4A,4A
61580,1705,1837,4A,4A
61600,1539,1545,4A,4A
61600,1539,1705,4A,4A
61600,1545,1837,4A,4A
61620,1539,1545,4A,4A
61620,1539,1705,4A,4A
61620,1545,1837,4A,4A
61640,1539,1545,4A,4A
61640,1539,1705,4A,4A
61640,1545,1837,4A,4A
61660,1539,1545,4A,4A
61660,1539,1705,4A,4A
61660,1545,1837,4A,4A
61680,1532,1538,4A,4A
61680,1539,1545,4A,4A
61680,1539,1705,4A,4A
61680,1545,1837,4A,4A
61700,1539,1545,4A,4A
61700,1539,1705,4A,4A
61700,1545,1837,4A,4A
61720,1539,1545,4A,4A
61720,1539,1705,4A,4A
61720,1545,1837,4A,4A
61740,1532,1538,4A,4A
61740,1539,1545,4A,4A
61740,1539,1705,4A,4A
61740,1545,1837,4A,4A
61760,1539,1545,4A,4A
61760,1539,1705,4A,4A
61760,1545,1837,4A,4A
61780,1532,1538,4A,4A
61780,1539,1545,4A,4A
61780,1539,1705,4A,4A
61780,1545,1837,4A,4A
61800,1539,1545,4A,4A
61800,1539,1705,4A,4A
61800,1545,1837,4A,4A
61820,1539,1545,4A,4A
61820,1539,1705,4A,4A
61820,1545,1837,4A,4A
61840,1539,1545,4A,4A
61840,1539,1705,4A,4A
61840,1545,1837,4A,4A
61860,1539,1545,4A,4A
61860,1539,1705,4A,4A
61860,1545,1837,4A,4A
61880,1532,1538,4A,4A
61880,1539,1545,4A,4A
61880,1539,1705,4A,4A
61880,1545,1837,4A,4A
61900,1539,1545,4A,4A
61900,1539,1705,4A,4A
61900,1545,1837,4A,4A
61920,1539,1545,4A,4A
61920,1539,1705,4A,4A
61920,1545,1837,4A,4A
61940,1539,1705,4A,4A
61940,1545,1837,4A,4A
61960,1539,1545,4A,4A
61960,1539,1705,4A,4A
61960,1545,1837,4A,4A
61980,1539,1545,4A,4A
61980,1539,1705,4A,4A
61980,1545,1837,4A,4A
62000,1539,1545,4A,4A
62000,1539,1705,4A,4A
62000,1545,1837,4A,4A
62020,1539,1545,4A,4A
62020,1539,1705,4A,4A
62020,1545,1837,4A,4A
62040,1539,1545,4A,4A
62040,1539,1705,4A,4A
62040,1545,1837,4A,4A
62060,1539,1545,4A,4A
62060,1539,1705,4A,4A
62060,1545,1837,4A,4A
62080,1539,1545,4A,4A
62080,1539,1705,4A,4A
62080,1545,1837,4A,4A
62100,1539,1545,4A,4A
62100,1539,1705,4A,4A
62100,1545,1837,4A,4A
62120,1539,1545,4A,4A
62120,1539,1705,4A,4A
62120,1545,1837,4A,4A
62140,1539,1545,4A,4A
62140,1539,1705,4A,4A
62140,1545,1837,4A,4A
62160,1539,1545,4A,4A
62160,1539,1705,4A,4A
62160,1545,1837,4A,4A
62180,1539,1545,4A,4A
62180,1539,1705,4A,4A
62180,1545,1837,4A,4A
62200,1539,1545,4A,4A
62200,1539,1705,4A,4A
62200,1545,1837,4A,4A
62220,1532,1538,4A,4A
62220,1539,1545,4A,4A
62220,1539,1705,4A,4A
62220,1545,1837,4A,4A
62240,1539,1545,4A,4A
62240,1539,1705,4A,4A
62240,1545,1837,4A,4A
62260,1539,1545,4A,4A
62260,1539,1705,4A,4A
62260,1545,1837,4A,4A
62280,1539,1545,4A,4A
62280,1539,1705,4A,4A
62280,1545,1837,4A,4A
62300,1539,1705,4A,4A
62300,1545,1837,4A,4A
